Workbook

Sheet Readme
A1: Population and Components of Change, 1960 to Present
A2: Office of Financial Management, Forecasting and Research Division
A5: Notes:
A7: Natural change is the difference between the number of live births and the number of deaths.
A9: Residual net migration is calculated as population change minus the amount of natural increase.
A11: Births and deaths are estimated for the most recent years due to a lag in reporting. The historical series may be revised in cases where more accurate data becomes available.
A13: Migration trends may not be reliable for smaller counties or counties with characteristics that make them difficult to estimate accurately. Erratic gains and losses are often apparent. Using a three year rolling average might stabilize migration estimates for smaller counties and those showing erratic trends.
A15: Data sources: Office of Financial Management April 1 population estimates, U.S. Census Bureau decennial census counts, and vital statistics from the Washington State Department of Health.
A17: 1The 2021 estimates in this table were revised November 30, 2021 after the 2020 Census P.L. 94-171 became available. These 2021 estimates supersede the estimates OFM released on June 30, 2021.
A19: Intercensal population estimates were used for 2011-2019 starting on February 10, 2022 after they became available.
A21: Last modified: 6/29/2026

Sheet Population
A1: Population and Components of Change, Total Population, 1960 to Present
A2: Office of Financial Management, Forecasting and Research Division
A4: County | B4: Jurisdiction | C4: Census Count of Total Population 1960 | D4: Estimate of Total Population 1961 | E4: Estimate of Total Population 1962 | F4: Estimate of Total Population 1963 | G4: Estimate of Total Population 1964 | H4: Estimate of Total Population 1965 | I4: Estimate of Total Population 1966 | J4: Estimate of Total Population 1967 | K4: Estimate of Total Population 1968 | L4: Estimate of Total Population 1969 | M4: Census Count of Total Population 1970 | N4: Estimate of Total Population 1971 | O4: Estimate of Total Population 1972 | P4: Estimate of Total Population 1973 | Q4: Estimate of Total Population 1974 | R4: Estimate of Total Population 1975 | S4: Estimate of Total Population 1976 | T4: Estimate of Total Population 1977 | U4: Estimate of Total Population 1978 | V4: Estimate of Total Population 1979 | W4: Census Count of Total Population 1980 | X4: Intercensal Estimate of Total Population 1981 | Y4: Intercensal Estimate of Total Population 1982 | Z4: Intercensal Estimate of Total Population 1983 | AA4: Intercensal Estimate of Total Population 1984 | AB4: Intercensal Estimate of Total Population 1985 | AC4: Intercensal Estimate of Total Population 1986 | AD4: Intercensal Estimate of Total Population 1987 | AE4: Intercensal Estimate of Total Population 1988 | AF4: Intercensal Estimate of Total Population 1989 | AG4: Census Count of Total Population 1990 | AH4: Intercensal Estimate of Total Population 1991 | AI4: Intercensal Estimate of Total Population 1992 | AJ4: Intercensal Estimate of Total Population 1993 | AK4: Intercensal Estimate of Total Population 1994 | AL4: Intercensal Estimate of Total Population 1995 | AM4: Intercensal Estimate of Total Population 1996 | AN4: Intercensal Estimate of Total Population 1997 | AO4: Intercensal Estimate of Total Population 1998 | AP4: Intercensal Estimate of Total Population 1999 | AQ4: Census Count of Total Population 2000 | AR4: Intercensal Estimate of Total Population 2001 | AS4: Intercensal Estimate of Total Population 2002 | AT4: Intercensal Estimate of Total Population 2003 | AU4: Intercensal Estimate of Total Population 2004 | AV4: Intercensal Estimate of Total Population 2005 | AW4: Intercensal Estimate of Total Population 2006 | AX4: Intercensal Estimate of Total Population 2007 | AY4: Intercensal Estimate of Total Population 2008 | AZ4: Intercensal Estimate of Total Population 2009 | BA4: Census Count of Total Population 2010 | BB4: Intercensal Estimate of Total Population 2011 | BC4: Intercensal Estimate of Total Population 2012 | BD4: Intercensal Estimate of Total Population 2013 | BE4: Intercensal Estimate of Total Population 2014 | BF4: Intercensal Estimate of Total Population 2015 | BG4: Intercensal Estimate of Total Population 2016 | BH4: Intercensal Estimate of Total Population 2017 | BI4: Intercensal Estimate of Total Population 2018 | BJ4: Intercensal Estimate of Total Population 2019 | BK4: Census Count of Total Population 2020 | BL4: Postcensal Estimate of Total Population 2021¹ | BM4: Postcensal Estimate of Total Population 2022 | BN4: Postcensal Estimate of Total Population 2023 | BO4: Postcensal Estimate of Total Population 2024 | BP4: Postcensal Estimate of Total Population 2025 | BQ4: Postcensal Estimate of Total Population 2026
A5: Adams | B5: Adams County | C5: 9929 | D5: 10100 | E5: 10300 | F5: 10100 | G5: 10200 | H5: 10400 | I5: 10600 | J5: 11000 | K5: 11000 | L5: 11400 | M5: 12014 | N5: 12200 | O5: 12600 | P5: 12700 | Q5: 12700 | R5: 13100 | S5: 13709 | T5: 13900 | U5: 14000 | V5: 13800 | W5: 13267 | X5: 13323 | Y5: 13407 | Z5: 13378 | AA5: 13389 | AB5: 13418 | AC5: 13430 | AD5: 13468 | AE5: 13503 | AF5: 13570 | AG5: 13603 | AH5: 13823 | AI5: 14063 | AJ5: 14335 | AK5: 14679 | AL5: 15030 | AM5: 15323 | AN5: 15698 | AO5: 15879 | AP5: 16151 | AQ5: 16428 | AR5: 16699 | AS5: 16911 | AT5: 17081 | AU5: 17489 | AV5: 17643 | AW5: 17690 | AX5: 17959 | AY5: 18214 | AZ5: 18421 | BA5: 18728 | BB5: 18849 | BC5: 19013 | BD5: 19172 | BE5: 19309 | BF5: 19451 | BG5: 19643 | BH5: 20068 | BI5: 20200 | BJ5: 20335 | BK5: 20613 | BL5: 20900 | BM5: 21100 | BN5: 21200 | BO5: 21475 | BP5: 21550 | BQ5: 22000
A6: Asotin | B6: Asotin County | C6: 12909 | D6: 12700 | E6: 13000 | F6: 13100 | G6: 12900 | H6: 12900 | I6: 13100 | J6: 13600 | K6: 13600 | L6: 13500 | M6: 13799 | N6: 14000 | O6: 14500 | P6: 14500 | Q6: 14700 | R6: 14800 | S6: 14900 | T6: 15500 | U6: 16000 | V6: 16400 | W6: 16823 | X6: 16804 | Y6: 16908 | Z6: 16839 | AA6: 17014 | AB6: 17154 | AC6: 17030 | AD6: 17096 | AE6: 17189 | AF6: 17326 | AG6: 17605 | AH6: 17677 | AI6: 17866 | AJ6: 18124 | AK6: 18666 | AL6: 18937 | AM6: 19622 | AN6: 19943 | AO6: 20202 | AP6: 20442 | AQ6: 20551 | AR6: 20650 | AS6: 20652 | AT6: 20709 | AU6: 20779 | AV6: 20939 | AW6: 21176 | AX6: 21413 | AY6: 21522 | AZ6: 21593 | BA6: 21623 | BB6: 21667 | BC6: 21680 | BD6: 21725 | BE6: 21790 | BF6: 21889 | BG6: 22003 | BH6: 22047 | BI6: 22112 | BJ6: 22182 | BK6: 22285 | BL6: 22500 | BM6: 22600 | BN6: 22650 | BO6: 22725 | BP6: 22750 | BQ6: 22950
A7: Benton | B7: Benton County | C7: 62070 | D7: 62300 | E7: 62800 | F7: 62400 | G7: 62300 | H7: 62500 | I7: 63100 | J7: 64300 | K7: 65200 | L7: 66000 | M7: 67540 | N7: 67500 | O7: 67700 | P7: 68200 | Q7: 70100 | R7: 74500 | S7: 80800 | T7: 86900 | U7: 94300 | V7: 102800 | W7: 109444 | X7: 110608 | Y7: 114265 | Z7: 113055 | AA7: 109932 | AB7: 108452 | AC7: 108841 | AD7: 109637 | AE7: 110408 | AF7: 111355 | AG7: 112560 | AH7: 114439 | AI7: 116503 | AJ7: 119374 | AK7: 123457 | AL7: 128359 | AM7: 132590 | AN7: 135620 | AO7: 137717 | AP7: 139498 | AQ7: 142475 | AR7: 145267 | AS7: 148290 | AT7: 151933 | AU7: 155874 | AV7: 159286 | AW7: 162255 | AX7: 165096 | AY7: 167598 | AZ7: 171402 | BA7: 175177 | BB7: 177675 | BC7: 180115 | BD7: 183504 | BE7: 186954 | BF7: 189520 | BG7: 191531 | BH7: 194724 | BI7: 198731 | BJ7: 202822 | BK7: 206873 | BL7: 209400 | BM7: 212300 | BN7: 215500 | BO7: 217850 | BP7: 219625 | BQ7: 223200
A8: Chelan | B8: Chelan County | C8: 40744 | D8: 40600 | E8: 40700 | F8: 40100 | G8: 40000 | H8: 39800 | I8: 39700 | J8: 40400 | K8: 40600 | L8: 40300 | M8: 41103 | N8: 41000 | O8: 38900 | P8: 39000 | Q8: 39700 | R8: 40200 | S8: 40700 | T8: 41400 | U8: 42600 | V8: 43800 | W8: 45061 | X8: 46050 | Y8: 45916 | Z8: 47454 | AA8: 48620 | AB8: 49250 | AC8: 49373 | AD8: 49514 | AE8: 50577 | AF8: 51073 | AG8: 52250 | AH8: 53436 | AI8: 54965 | AJ8: 56423 | AK8: 58319 | AL8: 60079 | AM8: 61240 | AN8: 62895 | AO8: 64199 | AP8: 65575 | AQ8: 66616 | AR8: 66896 | AS8: 67400 | AT8: 67507 | AU8: 68013 | AV8: 68963 | AW8: 69895 | AX8: 70773 | AY8: 71799 | AZ8: 72185 | BA8: 72453 | BB8: 72833 | BC8: 73166 | BD8: 73391 | BE8: 74405 | BF8: 74873 | BG8: 75500 | BH8: 76338 | BI8: 77465 | BJ8: 77944 | BK8: 79141 | BL8: 80000 | BM8: 80650 | BN8: 81500 | BO8: 82300 | BP8: 82900 | BQ8: 83525
A9: Clallam | B9: Clallam County | C9: 30022 | D9: 30400 | E9: 31000 | F9: 30900 | G9: 31300 | H9: 31900 | I9: 32500 | J9: 33600 | K9: 34300 | L9: 34600 | M9: 34770 | N9: 35700 | O9: 36300 | P9: 37700 | Q9: 39300 | R9: 41100 | S9: 43100 | T9: 44000 | U9: 46300 | V9: 49300 | W9: 51648 | X9: 51891 | Y9: 51485 | Z9: 52055 | AA9: 52547 | AB9: 52465 | AC9: 52837 | AD9: 52794 | AE9: 54396 | AF9: 55257 | AG9: 56204 | AH9: 57626 | AI9: 58275 | AJ9: 59155 | AK9: 59919 | AL9: 60548 | AM9: 61469 | AN9: 62037 | AO9: 62933 | AP9: 63425 | AQ9: 64179 | AR9: 64717 | AS9: 65398 | AT9: 65928 | AU9: 66725 | AV9: 67672 | AW9: 68948 | AX9: 69847 | AY9: 70629 | AZ9: 71027 | BA9: 71404 | BB9: 71810 | BC9: 72383 | BD9: 72771 | BE9: 73104 | BF9: 73482 | BG9: 74160 | BH9: 74873 | BI9: 75513 | BJ9: 76439 | BK9: 77155 | BL9: 77750 | BM9: 77625 | BN9: 78075 | BO9: 78550 | BP9: 78650 | BQ9: 79250
A10: Clark | B10: Clark County | C10: 93809 | D10: 96800 | E10: 99900 | F10: 102200 | G10: 105000 | H10: 108500 | I10: 111900 | J10: 117200 | K10: 122500 | L10: 129000 | M10: 128454 | N10: 133400 | O10: 141200 | P10: 145200 | Q10: 151600 | R10: 156800 | S10: 161000 | T10: 168400 | U10: 174500 | V10: 183500 | W10: 192227 | X10: 196475 | Y10: 199685 | Z10: 202165 | AA10: 203757 | AB10: 206744 | AC10: 210423 | AD10: 213961 | AE10: 219050 | AF10: 226188 | AG10: 238053 | AH10: 248417 | AI10: 255915 | AJ10: 264548 | AK10: 274423 | AL10: 286804 | AM10: 298364 | AN10: 310512 | AO10: 323892 | AP10: 334641 | AQ10: 345238 | AR10: 352715 | AS10: 364855 | AT10: 374091 | AU10: 385370 | AV10: 394600 | AW10: 404737 | AX10: 412692 | AY10: 419091 | AZ10: 423775 | BA10: 425363 | BB10: 428626 | BC10: 432320 | BD10: 437014 | BE10: 444450 | BF10: 452534 | BG10: 461869 | BH10: 472481 | BI10: 480952 | BJ10: 490693 | BK10: 503311 | BL10: 513100 | BM10: 520900 | BN10: 527400 | BO10: 536300 | BP10: 542400 | BQ10: 550000
A11: Columbia | B11: Columbia County | C11: 4569 | D11: 4600 | E11: 4400 | F11: 4500 | G11: 4500 | H11: 4300 | I11: 4400 | J11: 4500 | K11: 4700 | L11: 4500 | M11: 4439 | N11: 4400 | O11: 4400 | P11: 4300 | Q11: 4300 | R11: 4200 | S11: 4200 | T11: 4100 | U11: 4100 | V11: 4100 | W11: 4057 | X11: 4064 | Y11: 4060 | Z11: 4045 | AA11: 4045 | AB11: 4046 | AC11: 4044 | AD11: 4040 | AE11: 4045 | AF11: 4053 | AG11: 4024 | AH11: 4044 | AI11: 4041 | AJ11: 4047 | AK11: 4053 | AL11: 4051 | AM11: 4051 | AN11: 4056 | AO11: 4058 | AP11: 4062 | AQ11: 4064 | AR11: 4114 | AS11: 4115 | AT11: 4111 | AU11: 4122 | AV11: 4135 | AW11: 4128 | AX11: 4095 | AY11: 4099 | AZ11: 4097 | BA11: 4078 | BB11: 4069 | BC11: 4039 | BD11: 4037 | BE11: 4003 | BF11: 4007 | BG11: 3990 | BH11: 3979 | BI11: 3970 | BJ11: 3962 | BK11: 3952 | BL11: 3950 | BM11: 3950 | BN11: 3950 | BO11: 3975 | BP11: 3950 | BQ11: 3925
A12: Cowlitz | B12: Cowlitz County | C12: 57801 | D12: 58800 | E12: 59800 | F12: 60600 | G12: 61400 | H12: 62500 | I12: 63800 | J12: 65900 | K12: 68200 | L12: 69000 | M12: 68616 | N12: 69500 | O12: 69200 | P12: 69800 | Q12: 70900 | R12: 72100 | S12: 72400 | T12: 73700 | U12: 75700 | V12: 78000 | W12: 79548 | X12: 79609 | Y12: 78999 | Z12: 79334 | AA12: 79490 | AB12: 79259 | AC12: 78458 | AD12: 78930 | AE12: 79402 | AF12: 80867 | AG12: 82119 | AH12: 82862 | AI12: 83802 | AJ12: 84813 | AK12: 85921 | AL12: 87232 | AM12: 88531 | AN12: 89568 | AO12: 90600 | AP12: 91744 | AQ12: 92948 | AR12: 94081 | AS12: 94854 | AT12: 95849 | AU12: 96593 | AV12: 97673 | AW12: 99095 | AX12: 100377 | AY12: 101542 | AZ12: 102175 | BA12: 102410 | BB12: 102730 | BC12: 103097 | BD12: 103470 | BE12: 104043 | BF12: 104702 | BG12: 105419 | BH12: 106469 | BI12: 107782 | BJ12: 109315 | BK12: 110730 | BL12: 111500 | BM12: 112350 | BN12: 113000 | BO12: 113900 | BP12: 114500 | BQ12: 114900
A13: Douglas | B13: Douglas County | C13: 14890 | D13: 15100 | E13: 15000 | F13: 15200 | G13: 15300 | H13: 15300 | I13: 15600 | J13: 16100 | K13: 16600 | L13: 16600 | M13: 16787 | N13: 17600 | O13: 17600 | P13: 17400 | Q13: 17800 | R13: 18300 | S13: 19400 | T13: 20200 | U13: 21200 | V13: 21600 | W13: 22144 | X13: 22469 | Y13: 22477 | Z13: 22620 | AA13: 22794 | AB13: 23206 | AC13: 23585 | AD13: 23695 | AE13: 24429 | AF13: 25060 | AG13: 26205 | AH13: 27648 | AI13: 27423 | AJ13: 28143 | AK13: 28692 | AL13: 29312 | AM13: 29967 | AN13: 30548 | AO13: 31427 | AP13: 32035 | AQ13: 32603 | AR13: 32817 | AS13: 32871 | AT13: 33545 | AU13: 33944 | AV13: 34466 | AW13: 35505 | AX13: 36340 | AY13: 37238 | AZ13: 38036 | BA13: 38431 | BB13: 38676 | BC13: 38968 | BD13: 39269 | BE13: 39557 | BF13: 40008 | BG13: 40533 | BH13: 41042 | BI13: 41570 | BJ13: 42151 | BK13: 42938 | BL13: 43550 | BM13: 44000 | BN13: 44500 | BO13: 45150 | BP13: 45450 | BQ13: 45850
A14: Ferry | B14: Ferry County | C14: 3889 | D14: 4100 | E14: 3800 | F14: 3900 | G14: 3900 | H14: 3800 | I14: 3800 | J14: 3900 | K14: 3800 | L14: 3600 | M14: 3655 | N14: 3700 | O14: 4000 | P14: 4100 | Q14: 4400 | R14: 4600 | S14: 4800 | T14: 5147 | U14: 5300 | V14: 5700 | W14: 5811 | X14: 5930 | Y14: 6015 | Z14: 6054 | AA14: 6036 | AB14: 6016 | AC14: 6034 | AD14: 5871 | AE14: 6069 | AF14: 6150 | AG14: 6295 | AH14: 6366 | AI14: 6465 | AJ14: 6561 | AK14: 6648 | AL14: 6812 | AM14: 6950 | AN14: 7058 | AO14: 7135 | AP14: 7184 | AQ14: 7260 | AR14: 7340 | AS14: 7378 | AT14: 7397 | AU14: 7367 | AV14: 7405 | AW14: 7462 | AX14: 7484 | AY14: 7529 | AZ14: 7563 | BA14: 7551 | BB14: 7514 | BC14: 7477 | BD14: 7449 | BE14: 7404 | BF14: 7354 | BG14: 7319 | BH14: 7283 | BI14: 7234 | BJ14: 7209 | BK14: 7178 | BL14: 7250 | BM14: 7300 | BN14: 7300 | BO14: 7350 | BP14: 7350 | BQ14: 7350
A15: Franklin | B15: Franklin County | C15: 23342 | D15: 23500 | E15: 23900 | F15: 23800 | G15: 24100 | H15: 24200 | I15: 24400 | J15: 25200 | K15: 25600 | L15: 26100 | M15: 25816 | N15: 26000 | O15: 26800 | P15: 27200 | Q15: 27400 | R15: 27100 | S15: 29300 | T15: 30300 | U15: 32300 | V15: 34000 | W15: 35025 | X15: 35742 | Y15: 36688 | Z15: 36757 | AA15: 36987 | AB15: 36584 | AC15: 36388 | AD15: 36659 | AE15: 36910 | AF15: 37221 | AG15: 37473 | AH15: 38522 | AI15: 39077 | AJ15: 40092 | AK15: 41280 | AL15: 42516 | AM15: 43694 | AN15: 45180 | AO15: 46465 | AP15: 47900 | AQ15: 49347 | AR15: 50473 | AS15: 52286 | AT15: 54907 | AU15: 58576 | AV15: 62572 | AW15: 66371 | AX15: 69582 | AY15: 72230 | AZ15: 75111 | BA15: 78163 | BB15: 80493 | BC15: 82484 | BD15: 84251 | BE15: 86544 | BF15: 87053 | BG15: 88515 | BH15: 90036 | BI15: 92626 | BJ15: 94734 | BK15: 96749 | BL15: 98350 | BM15: 99750 | BN15: 101100 | BO15: 102300 | BP15: 103250 | BQ15: 105900
A16: Garfield | B16: Garfield County | C16: 2976 | D16: 2900 | E16: 2900 | F16: 2700 | G16: 2700 | H16: 2800 | I16: 2800 | J16: 2900 | K16: 2900 | L16: 2800 | M16: 2911 | N16: 3100 | O16: 3200 | P16: 3000 | Q16: 2800 | R16: 2800 | S16: 2900 | T16: 2900 | U16: 2700 | V16: 2600 | W16: 2468 | X16: 2466 | Y16: 2437 | Z16: 2447 | AA16: 2441 | AB16: 2418 | AC16: 2396 | AD16: 2334 | AE16: 2326 | AF16: 2253 | AG16: 2248 | AH16: 2259 | AI16: 2272 | AJ16: 2268 | AK16: 2310 | AL16: 2322 | AM16: 2344 | AN16: 2354 | AO16: 2360 | AP16: 2372 | AQ16: 2397 | AR16: 2382 | AS16: 2365 | AT16: 2348 | AU16: 2325 | AV16: 2315 | AW16: 2306 | AX16: 2287 | AY16: 2278 | AZ16: 2272 | BA16: 2266 | BB16: 2266 | BC16: 2260 | BD16: 2260 | BE16: 2252 | BF16: 2280 | BG16: 2266 | BH16: 2263 | BI16: 2269 | BJ16: 2278 | BK16: 2286 | BL16: 2300 | BM16: 2300 | BN16: 2300 | BO16: 2325 | BP16: 2300 | BQ16: 2300
... A44: State | B44: State Total | C44: 2853214 | D44: 2897000 | E44: 2948000 | F44: 2972000 | G44: 3008000 | H44: 3065000 | I44: 3125000 | J44: 3229000 | K44: 3336000 | L44: 3397000 | M44: 3413250 | N44: 3436300 | O44: 3430300 | P44: 3444300 | Q44: 3508700 | R44: 3567890 | S44: 3634891 | T44: 3715375 | U44: 3836200 | V44: 3979200 | W44: 4132353 | X44: 4229281 | Y44: 4276549 | Z44: 4307248 | AA44: 4354070 | AB44: 4415785 | AC44: 4462211 | AD44: 4527101 | AE44: 4616886 | AF44: 4728076 | AG44: 4866663 | AH44: 5000353 | AI44: 5091138 | AJ44: 5188009 | AK44: 5291577 | AL44: 5396569 | AM44: 5483103 | AN44: 5579140 | AO44: 5685459 | AP44: 5792214 | AQ44: 5894143 | AR44: 5970452 | AS44: 6059698 | AT44: 6126917 | AU44: 6208532 | AV44: 6298797 | AW44: 6420219 | AX44: 6525121 | AY44: 6608234 | AZ44: 6672263 | BA44: 6724540 | BB44: 6777903 | BC44: 6831660 | BD44: 6906026 | BE44: 7005209 | BF44: 7106620 | BG44: 7237219 | BH44: 7344073 | BI44: 7463479 | BJ44: 7581818 | BK44: 7706310 | BL44: 7766975 | BM44: 7864400 | BN44: 7951150 | BO44: 8035700 | BP44: 8115100 | BQ44: 8176300

Sheet Annual Change
A1: Population and Components of Change, Annual Change in Total Population, 1960 to Present
A2: Office of Financial Management, Forecasting and Research Division
A4: County | B4: Jurisdiction | C4: Spacer | D4: Annual Change in Total Population 1960-1961 | E4: Annual Change in Total Population 1961-1962 | F4: Annual Change in Total Population 1962-1963 | G4: Annual Change in Total Population 1963-1964 | H4: Annual Change in Total Population 1964-1965 | I4: Annual Change in Total Population 1965-1966 | J4: Annual Change in Total Population 1966-1967 | K4: Annual Change in Total Population 1967-1968 | L4: Annual Change in Total Population 1968-1969 | M4: Annual Change in Total Population 1969-1970 | N4: Annual Change in Total Population 1970-1971 | O4: Annual Change in Total Population 1971-1972 | P4: Annual Change in Total Population 1972-1973 | Q4: Annual Change in Total Population 1973-1974 | R4: Annual Change in Total Population 1974-1975 | S4: Annual Change in Total Population 1975-1976 | T4: Annual Change in Total Population 1976-1977 | U4: Annual Change in Total Population 1977-1978 | V4: Annual Change in Total Population 1978-1979 | W4: Annual Change in Total Population 1979-1980 | X4: Annual Change in Total Population 1980-1981 | Y4: Annual Change in Total Population 1981-1982 | Z4: Annual Change in Total Population 1982-1983 | AA4: Annual Change in Total Population 1983-1984 | AB4: Annual Change in Total Population 1984-1985 | AC4: Annual Change in Total Population 1985-1986 | AD4: Annual Change in Total Population 1986-1987 | AE4: Annual Change in Total Population 1987-1988 | AF4: Annual Change in Total Population 1988-1989 | AG4: Annual Change in Total Population 1989-1990 | AH4: Annual Change in Total Population 1990-1991 | AI4: Annual Change in Total Population 1991-1992 | AJ4: Annual Change in Total Population 1992-1993 | AK4: Annual Change in Total Population 1993-1994 | AL4: Annual Change in Total Population 1994-1995 | AM4: Annual Change in Total Population 1995-1996 | AN4: Annual Change in Total Population 1996-1997 | AO4: Annual Change in Total Population 1997-1998 | AP4: Annual Change in Total Population 1998-1999 | AQ4: Annual Change in Total Population 1999-2000 | AR4: Annual Change in Total Population 2000-2001 | AS4: Annual Change in Total Population 2001-2002 | AT4: Annual Change in Total Population 2002-2003 | AU4: Annual Change in Total Population 2003-2004 | AV4: Annual Change in Total Population 2004-2005 | AW4: Annual Change in Total Population 2005-2006 | AX4: Annual Change in Total Population 2006-2007 | AY4: Annual Change in Total Population 2007-2008 | AZ4: Annual Change in Total Population 2008-2009 | BA4: Annual Change in Total Population 2009-2010 | BB4: Annual Change in Total Population 2010-2011 | BC4: Annual Change in Total Population 2011-2012 | BD4: Annual Change in Total Population 2012-2013 | BE4: Annual Change in Total Population 2013-2014 | BF4: Annual Change in Total Population 2014-2015 | BG4: Annual Change in Total Population 2015-2016 | BH4: Annual Change in Total Population 2016-2017 | BI4: Annual Change in Total Population 2017-2018 | BJ4: Annual Change in Total Population 2018-2019 | BK4: Annual Change in Total Population 2019-2020 | BL4: Annual Change in Total Population 2020-2021¹ | BM4: Annual Change in Total Population 2021-2022 | BN4: Annual Change in Total Population 2022-2023 | BO4: Annual Change in Total Population 2023-2024 | BP4: Annual Change in Total Population 2024-2025 | BQ4: Annual Change in Total Population 2025-2026
A5: Adams | B5: Adams County | C5: . | D5: 171 | E5: 200 | F5: -200 | G5: 100 | H5: 200 | I5: 200 | J5: 400 | K5: 0 | L5: 400 | M5: 614 | N5: 186 | O5: 400 | P5: 100 | Q5: 0 | R5: 400 | S5: 609 | T5: 191 | U5: 100 | V5: -200 | W5: -533 | X5: 56 | Y5: 84 | Z5: -29 | AA5: 11 | AB5: 29 | AC5: 12 | AD5: 38 | AE5: 35 | AF5: 67 | AG5: 33 | AH5: 220 | AI5: 240 | AJ5: 272 | AK5: 344 | AL5: 351 | AM5: 293 | AN5: 375 | AO5: 181 | AP5: 272 | AQ5: 277 | AR5: 271 | AS5: 212 | AT5: 170 | AU5: 408 | AV5: 154 | AW5: 47 | AX5: 269 | AY5: 255 | AZ5: 207 | BA5: 307 | BB5: 121 | BC5: 164 | BD5: 159 | BE5: 137 | BF5: 142 | BG5: 192 | BH5: 425 | BI5: 132 | BJ5: 135 | BK5: 278 | BL5: 287 | BM5: 200 | BN5: 100 | BO5: 275 | BP5: 75 | BQ5: =Population!BQ5-Population!BP5 -> 450
A6: Asotin | B6: Asotin County | C6: . | D6: -209 | E6: 300 | F6: 100 | G6: -200 | H6: 0 | I6: 200 | J6: 500 | K6: 0 | L6: -100 | M6: 299 | N6: 201 | O6: 500 | P6: 0 | Q6: 200 | R6: 100 | S6: 100 | T6: 600 | U6: 500 | V6: 400 | W6: 423 | X6: -19 | Y6: 104 | Z6: -69 | AA6: 175 | AB6: 140 | AC6: -124 | AD6: 66 | AE6: 93 | AF6: 137 | AG6: 279 | AH6: 72 | AI6: 189 | AJ6: 258 | AK6: 542 | AL6: 271 | AM6: 685 | AN6: 321 | AO6: 259 | AP6: 240 | AQ6: 109 | AR6: 99 | AS6: 2 | AT6: 57 | AU6: 70 | AV6: 160 | AW6: 237 | AX6: 237 | AY6: 109 | AZ6: 71 | BA6: 30 | BB6: 44 | BC6: 13 | BD6: 45 | BE6: 65 | BF6: 99 | BG6: 114 | BH6: 44 | BI6: 65 | BJ6: 70 | BK6: 103 | BL6: 215 | BM6: 100 | BN6: 50 | BO6: 75 | BP6: 25 | BQ6: =Population!BQ6-Population!BP6 -> 200
A7: Benton | B7: Benton County | C7: . | D7: 230 | E7: 500 | F7: -400 | G7: -100 | H7: 200 | I7: 600 | J7: 1200 | K7: 900 | L7: 800 | M7: 1540 | N7: -40 | O7: 200 | P7: 500 | Q7: 1900 | R7: 4400 | S7: 6300 | T7: 6100 | U7: 7400 | V7: 8500 | W7: 6644 | X7: 1164 | Y7: 3657 | Z7: -1210 | AA7: -3123 | AB7: -1480 | AC7: 389 | AD7: 796 | AE7: 771 | AF7: 947 | AG7: 1205 | AH7: 1879 | AI7: 2064 | AJ7: 2871 | AK7: 4083 | AL7: 4902 | AM7: 4231 | AN7: 3030 | AO7: 2097 | AP7: 1781 | AQ7: 2977 | AR7: 2792 | AS7: 3023 | AT7: 3643 | AU7: 3941 | AV7: 3412 | AW7: 2969 | AX7: 2841 | AY7: 2502 | AZ7: 3804 | BA7: 3775 | BB7: 2498 | BC7: 2440 | BD7: 3389 | BE7: 3450 | BF7: 2566 | BG7: 2011 | BH7: 3193 | BI7: 4007 | BJ7: 4091 | BK7: 4051 | BL7: 2527 | BM7: 2900 | BN7: 3200 | BO7: 2350 | BP7: 1775 | BQ7: =Population!BQ7-Population!BP7 -> 3575
A8: Chelan | B8: Chelan County | C8: . | D8: -144 | E8: 100 | F8: -600 | G8: -100 | H8: -200 | I8: -100 | J8: 700 | K8: 200 | L8: -300 | M8: 803 | N8: -103 | O8: -2100 | P8: 100 | Q8: 700 | R8: 500 | S8: 500 | T8: 700 | U8: 1200 | V8: 1200 | W8: 1261 | X8: 989 | Y8: -134 | Z8: 1538 | AA8: 1166 | AB8: 630 | AC8: 123 | AD8: 141 | AE8: 1063 | AF8: 496 | AG8: 1177 | AH8: 1186 | AI8: 1529 | AJ8: 1458 | AK8: 1896 | AL8: 1760 | AM8: 1161 | AN8: 1655 | AO8: 1304 | AP8: 1376 | AQ8: 1041 | AR8: 280 | AS8: 504 | AT8: 107 | AU8: 506 | AV8: 950 | AW8: 932 | AX8: 878 | AY8: 1026 | AZ8: 386 | BA8: 268 | BB8: 380 | BC8: 333 | BD8: 225 | BE8: 1014 | BF8: 468 | BG8: 627 | BH8: 838 | BI8: 1127 | BJ8: 479 | BK8: 1197 | BL8: 859 | BM8: 650 | BN8: 850 | BO8: 800 | BP8: 600 | BQ8: =Population!BQ8-Population!BP8 -> 625
A9: Clallam | B9: Clallam County | C9: . | D9: 378 | E9: 600 | F9: -100 | G9: 400 | H9: 600 | I9: 600 | J9: 1100 | K9: 700 | L9: 300 | M9: 170 | N9: 930 | O9: 600 | P9: 1400 | Q9: 1600 | R9: 1800 | S9: 2000 | T9: 900 | U9: 2300 | V9: 3000 | W9: 2348 | X9: 243 | Y9: -406 | Z9: 570 | AA9: 492 | AB9: -82 | AC9: 372 | AD9: -43 | AE9: 1602 | AF9: 861 | AG9: 947 | AH9: 1422 | AI9: 649 | AJ9: 880 | AK9: 764 | AL9: 629 | AM9: 921 | AN9: 568 | AO9: 896 | AP9: 492 | AQ9: 754 | AR9: 538 | AS9: 681 | AT9: 530 | AU9: 797 | AV9: 947 | AW9: 1276 | AX9: 899 | AY9: 782 | AZ9: 398 | BA9: 377 | BB9: 406 | BC9: 573 | BD9: 388 | BE9: 333 | BF9: 378 | BG9: 678 | BH9: 713 | BI9: 640 | BJ9: 926 | BK9: 716 | BL9: 595 | BM9: -125 | BN9: 450 | BO9: 475 | BP9: 100 | BQ9: =Population!BQ9-Population!BP9 -> 600
A10: Clark | B10: Clark County | C10: . | D10: 2991 | E10: 3100 | F10: 2300 | G10: 2800 | H10: 3500 | I10: 3400 | J10: 5300 | K10: 5300 | L10: 6500 | M10: -546 | N10: 4946 | O10: 7800 | P10: 4000 | Q10: 6400 | R10: 5200 | S10: 4200 | T10: 7400 | U10: 6100 | V10: 9000 | W10: 8727 | X10: 4248 | Y10: 3210 | Z10: 2480 | AA10: 1592 | AB10: 2987 | AC10: 3679 | AD10: 3538 | AE10: 5089 | AF10: 7138 | AG10: 11865 | AH10: 10364 | AI10: 7498 | AJ10: 8633 | AK10: 9875 | AL10: 12381 | AM10: 11560 | AN10: 12148 | AO10: 13380 | AP10: 10749 | AQ10: 10597 | AR10: 7477 | AS10: 12140 | AT10: 9236 | AU10: 11279 | AV10: 9230 | AW10: 10137 | AX10: 7955 | AY10: 6399 | AZ10: 4684 | BA10: 1588 | BB10: 3263 | BC10: 3694 | BD10: 4694 | BE10: 7436 | BF10: 8084 | BG10: 9335 | BH10: 10612 | BI10: 8471 | BJ10: 9741 | BK10: 12618 | BL10: 9789 | BM10: 7800 | BN10: 6500 | BO10: 8900 | BP10: 6100 | BQ10: =Population!BQ10-Population!BP10 -> 7600
A11: Columbia | B11: Columbia County | C11: . | D11: 31 | E11: -200 | F11: 100 | G11: 0 | H11: -200 | I11: 100 | J11: 100 | K11: 200 | L11: -200 | M11: -61 | N11: -39 | O11: 0 | P11: -100 | Q11: 0 | R11: -100 | S11: 0 | T11: -100 | U11: 0 | V11: 0 | W11: -43 | X11: 7 | Y11: -4 | Z11: -15 | AA11: 0 | AB11: 1 | AC11: -2 | AD11: -4 | AE11: 5 | AF11: 8 | AG11: -29 | AH11: 20 | AI11: -3 | AJ11: 6 | AK11: 6 | AL11: -2 | AM11: 0 | AN11: 5 | AO11: 2 | AP11: 4 | AQ11: 2 | AR11: 50 | AS11: 1 | AT11: -4 | AU11: 11 | AV11: 13 | AW11: -7 | AX11: -33 | AY11: 4 | AZ11: -2 | BA11: -19 | BB11: -9 | BC11: -30 | BD11: -2 | BE11: -34 | BF11: 4 | BG11: -17 | BH11: -11 | BI11: -9 | BJ11: -8 | BK11: -10 | BL11: -2 | BM11: 0 | BN11: 0 | BO11: 25 | BP11: -25 | BQ11: =Population!BQ11-Population!BP11 -> -25
A12: Cowlitz | B12: Cowlitz County | C12: . | D12: 999 | E12: 1000 | F12: 800 | G12: 800 | H12: 1100 | I12: 1300 | J12: 2100 | K12: 2300 | L12: 800 | M12: -384 | N12: 884 | O12: -300 | P12: 600 | Q12: 1100 | R12: 1200 | S12: 300 | T12: 1300 | U12: 2000 | V12: 2300 | W12: 1548 | X12: 61 | Y12: -610 | Z12: 335 | AA12: 156 | AB12: -231 | AC12: -801 | AD12: 472 | AE12: 472 | AF12: 1465 | AG12: 1252 | AH12: 743 | AI12: 940 | AJ12: 1011 | AK12: 1108 | AL12: 1311 | AM12: 1299 | AN12: 1037 | AO12: 1032 | AP12: 1144 | AQ12: 1204 | AR12: 1133 | AS12: 773 | AT12: 995 | AU12: 744 | AV12: 1080 | AW12: 1422 | AX12: 1282 | AY12: 1165 | AZ12: 633 | BA12: 235 | BB12: 320 | BC12: 367 | BD12: 373 | BE12: 573 | BF12: 659 | BG12: 717 | BH12: 1050 | BI12: 1313 | BJ12: 1533 | BK12: 1415 | BL12: 770 | BM12: 850 | BN12: 650 | BO12: 900 | BP12: 600 | BQ12: =Population!BQ12-Population!BP12 -> 400
A13: Douglas | B13: Douglas County | C13: . | D13: 210 | E13: -100 | F13: 200 | G13: 100 | H13: 0 | I13: 300 | J13: 500 | K13: 500 | L13: 0 | M13: 187 | N13: 813 | O13: 0 | P13: -200 | Q13: 400 | R13: 500 | S13: 1100 | T13: 800 | U13: 1000 | V13: 400 | W13: 544 | X13: 325 | Y13: 8 | Z13: 143 | AA13: 174 | AB13: 412 | AC13: 379 | AD13: 110 | AE13: 734 | AF13: 631 | AG13: 1145 | AH13: 1443 | AI13: -225 | AJ13: 720 | AK13: 549 | AL13: 620 | AM13: 655 | AN13: 581 | AO13: 879 | AP13: 608 | AQ13: 568 | AR13: 214 | AS13: 54 | AT13: 674 | AU13: 399 | AV13: 522 | AW13: 1039 | AX13: 835 | AY13: 898 | AZ13: 798 | BA13: 395 | BB13: 245 | BC13: 292 | BD13: 301 | BE13: 288 | BF13: 451 | BG13: 525 | BH13: 509 | BI13: 528 | BJ13: 581 | BK13: 787 | BL13: 612 | BM13: 450 | BN13: 500 | BO13: 650 | BP13: 300 | BQ13: =Population!BQ13-Population!BP13 -> 400
A14: Ferry | B14: Ferry County | C14: . | D14: 211 | E14: -300 | F14: 100 | G14: 0 | H14: -100 | I14: 0 | J14: 100 | K14: -100 | L14: -200 | M14: 55 | N14: 45 | O14: 300 | P14: 100 | Q14: 300 | R14: 200 | S14: 200 | T14: 347 | U14: 153 | V14: 400 | W14: 111 | X14: 119 | Y14: 85 | Z14: 39 | AA14: -18 | AB14: -20 | AC14: 18 | AD14: -163 | AE14: 198 | AF14: 81 | AG14: 145 | AH14: 71 | AI14: 99 | AJ14: 96 | AK14: 87 | AL14: 164 | AM14: 138 | AN14: 108 | AO14: 77 | AP14: 49 | AQ14: 76 | AR14: 80 | AS14: 38 | AT14: 19 | AU14: -30 | AV14: 38 | AW14: 57 | AX14: 22 | AY14: 45 | AZ14: 34 | BA14: -12 | BB14: -37 | BC14: -37 | BD14: -28 | BE14: -45 | BF14: -50 | BG14: -35 | BH14: -36 | BI14: -49 | BJ14: -25 | BK14: -31 | BL14: 72 | BM14: 50 | BN14: 0 | BO14: 50 | BP14: 0 | BQ14: =Population!BQ14-Population!BP14 -> 0
A15: Franklin | B15: Franklin County | C15: . | D15: 158 | E15: 400 | F15: -100 | G15: 300 | H15: 100 | I15: 200 | J15: 800 | K15: 400 | L15: 500 | M15: -284 | N15: 184 | O15: 800 | P15: 400 | Q15: 200 | R15: -300 | S15: 2200 | T15: 1000 | U15: 2000 | V15: 1700 | W15: 1025 | X15: 717 | Y15: 946 | Z15: 69 | AA15: 230 | AB15: -403 | AC15: -196 | AD15: 271 | AE15: 251 | AF15: 311 | AG15: 252 | AH15: 1049 | AI15: 555 | AJ15: 1015 | AK15: 1188 | AL15: 1236 | AM15: 1178 | AN15: 1486 | AO15: 1285 | AP15: 1435 | AQ15: 1447 | AR15: 1126 | AS15: 1813 | AT15: 2621 | AU15: 3669 | AV15: 3996 | AW15: 3799 | AX15: 3211 | AY15: 2648 | AZ15: 2881 | BA15: 3052 | BB15: 2330 | BC15: 1991 | BD15: 1767 | BE15: 2293 | BF15: 509 | BG15: 1462 | BH15: 1521 | BI15: 2590 | BJ15: 2108 | BK15: 2015 | BL15: 1601 | BM15: 1400 | BN15: 1350 | BO15: 1200 | BP15: 950 | BQ15: =Population!BQ15-Population!BP15 -> 2650
A16: Garfield | B16: Garfield County | C16: . | D16: -76 | E16: 0 | F16: -200 | G16: 0 | H16: 100 | I16: 0 | J16: 100 | K16: 0 | L16: -100 | M16: 111 | N16: 189 | O16: 100 | P16: -200 | Q16: -200 | R16: 0 | S16: 100 | T16: 0 | U16: -200 | V16: -100 | W16: -132 | X16: -2 | Y16: -29 | Z16: 10 | AA16: -6 | AB16: -23 | AC16: -22 | AD16: -62 | AE16: -8 | AF16: -73 | AG16: -5 | AH16: 11 | AI16: 13 | AJ16: -4 | AK16: 42 | AL16: 12 | AM16: 22 | AN16: 10 | AO16: 6 | AP16: 12 | AQ16: 25 | AR16: -15 | AS16: -17 | AT16: -17 | AU16: -23 | AV16: -10 | AW16: -9 | AX16: -19 | AY16: -9 | AZ16: -6 | BA16: -6 | BB16: 0 | BC16: -6 | BD16: 0 | BE16: -8 | BF16: 28 | BG16: -14 | BH16: -3 | BI16: 6 | BJ16: 9 | BK16: 8 | BL16: 14 | BM16: 0 | BN16: 0 | BO16: 25 | BP16: -25 | BQ16: =Population!BQ16-Population!BP16 -> 0
... A44: State | B44: State Total | C44: . | D44: 43786 | E44: 51000 | F44: 24000 | G44: 36000 | H44: 57000 | I44: 60000 | J44: 104000 | K44: 107000 | L44: 61000 | M44: 16250 | N44: 23050 | O44: -6000 | P44: 14000 | Q44: 64400 | R44: 59190 | S44: 67001 | T44: 80484 | U44: 120825 | V44: 143000 | W44: 153153 | X44: 96928 | Y44: 47268 | Z44: 30699 | AA44: 46822 | AB44: 61715 | AC44: 46426 | AD44: 64890 | AE44: 89785 | AF44: 111190 | AG44: 138587 | AH44: 133690 | AI44: 90785 | AJ44: 96871 | AK44: 103568 | AL44: 104992 | AM44: 86534 | AN44: 96037 | AO44: 106319 | AP44: 106755 | AQ44: 101929 | AR44: 76309 | AS44: 89246 | AT44: 67219 | AU44: 81615 | AV44: 90265 | AW44: 121422 | AX44: 104902 | AY44: 83113 | AZ44: 64029 | BA44: 52277 | BB44: 53363 | BC44: 53757 | BD44: 74366 | BE44: 99183 | BF44: 101411 | BG44: 130599 | BH44: 106854 | BI44: 119406 | BJ44: 118339 | BK44: 124492 | BL44: 60665 | BM44: 97425 | BN44: 86750 | BO44: 84550 | BP44: 79400 | BQ44: =Population!BQ44-Population!BP44 -> 61200
BK47: .

Sheet Annual % Change
A1: Population and Components of Change, Annual Percent Change in Total Population, 1960 to Present
A2: Office of Financial Management, Forecasting and Research Division
A4: County | B4: Jurisdiction | C4: Spacer | D4: Annual % Change in Total Population 1960-1961 | E4: Annual % Change in Total Population 1961-1962 | F4: Annual % Change in Total Population 1962-1963 | G4: Annual % Change in Total Population 1963-1964 | H4: Annual % Change in Total Population 1964-1965 | I4: Annual % Change in Total Population 1965-1966 | J4: Annual % Change in Total Population 1966-1967 | K4: Annual % Change in Total Population 1967-1968 | L4: Annual % Change in Total Population 1968-1969 | M4: Annual % Change in Total Population 1969-1970 | N4: Annual % Change in Total Population 1970-1971 | O4: Annual % Change in Total Population 1971-1972 | P4: Annual % Change in Total Population 1972-1973 | Q4: Annual % Change in Total Population 1973-1974 | R4: Annual % Change in Total Population 1974-1975 | S4: Annual % Change in Total Population 1975-1976 | T4: Annual % Change in Total Population 1976-1977 | U4: Annual % Change in Total Population 1977-1978 | V4: Annual % Change in Total Population 1978-1979 | W4: Annual % Change in Total Population 1979-1980 | X4: Annual % Change in Total Population 1980-1981 | Y4: Annual % Change in Total Population 1981-1982 | Z4: Annual % Change in Total Population 1982-1983 | AA4: Annual % Change in Total Population 1983-1984 | AB4: Annual % Change in Total Population 1984-1985 | AC4: Annual % Change in Total Population 1985-1986 | AD4: Annual % Change in Total Population 1986-1987 | AE4: Annual % Change in Total Population 1987-1988 | AF4: Annual % Change in Total Population 1988-1989 | AG4: Annual % Change in Total Population 1989-1990 | AH4: Annual % Change in Total Population 1990-1991 | AI4: Annual % Change in Total Population 1991-1992 | AJ4: Annual % Change in Total Population 1992-1993 | AK4: Annual % Change in Total Population 1993-1994 | AL4: Annual % Change in Total Population 1994-1995 | AM4: Annual % Change in Total Population 1995-1996 | AN4: Annual % Change in Total Population 1996-1997 | AO4: Annual % Change in Total Population 1997-1998 | AP4: Annual % Change in Total Population 1998-1999 | AQ4: Annual % Change in Total Population 1999-2000 | AR4: Annual % Change in Total Population 2000-2001 | AS4: Annual % Change in Total Population 2001-2002 | AT4: Annual % Change in Total Population 2002-2003 | AU4: Annual % Change in Total Population 2003-2004 | AV4: Annual % Change in Total Population 2004-2005 | AW4: Annual % Change in Total Population 2005-2006 | AX4: Annual % Change in Total Population 2006-2007 | AY4: Annual % Change in Total Population 2007-2008 | AZ4: Annual % Change in Total Population 2008-2009 | BA4: Annual % Change in Total Population 2009-2010 | BB4: Annual % Change in Total Population 2010-2011 | BC4: Annual % Change in Total Population 2011-2012 | BD4: Annual % Change in Total Population 2012-2013 | BE4: Annual % Change in Total Population 2013-2014 | BF4: Annual % Change in Total Population 2014-2015 | BG4: Annual % Change in Total Population 2015-2016 | BH4: Annual % Change in Total Population 2016-2017 | BI4: Annual % Change in Total Population 2017-2018 | BJ4: Annual % Change in Total Population 2018-2019 | BK4: Annual % Change in Total Population 2019-2020 | BL4: Annual % Change in Total Population 2020-2021¹ | BM4: Annual % Change in Total Population 2021-2022 | BN4: Annual % Change in Total Population 2022-2023 | BO4: Annual % Change in Total Population 2023-2024 | BP4: Annual % Change in Total Population 2024-2025 | BQ4: Annual % Change in Total Population 2025-2026
A5: Adams | B5: Adams County | C5: . | D5: 1.72 | E5: 1.98 | F5: -1.94 | G5: 0.99 | H5: 1.96 | I5: 1.92 | J5: 3.77 | K5: 0 | L5: 3.64 | M5: 5.39 | N5: 1.55 | O5: 3.28 | P5: 0.79 | Q5: 0 | R5: 3.15 | S5: 4.65 | T5: 1.39 | U5: 0.72 | V5: -1.43 | W5: -3.86 | X5: 0.42 | Y5: 0.63 | Z5: -0.22 | AA5: 0.08 | AB5: 0.22 | AC5: 0.09 | AD5: 0.28 | AE5: 0.26 | AF5: 0.5 | AG5: 0.24 | AH5: 1.62 | AI5: 1.74 | AJ5: 1.93 | AK5: 2.4 | AL5: 2.39 | AM5: 1.95 | AN5: 2.45 | AO5: 1.15 | AP5: 1.71 | AQ5: 1.72 | AR5: 1.65 | AS5: 1.27 | AT5: 1.01 | AU5: 2.39 | AV5: 0.88 | AW5: 0.27 | AX5: 1.52 | AY5: 1.42 | AZ5: 1.14 | BA5: 1.67 | BB5: 0.65 | BC5: 0.87 | BD5: 0.84 | BE5: 0.71 | BF5: 0.74 | BG5: 0.99 | BH5: 2.16 | BI5: 0.66 | BJ5: 0.67 | BK5: 1.37 | BL5: 1.39 | BM5: 0.96 | BN5: 0.47 | BO5: 1.3 | BP5: 0.35 | BQ5: =ROUND(('Annual Change'!BQ5/Population!BP5)*100,2) -> 2.09
A6: Asotin | B6: Asotin County | C6: . | D6: -1.62 | E6: 2.36 | F6: 0.77 | G6: -1.53 | H6: 0 | I6: 1.55 | J6: 3.82 | K6: 0 | L6: -0.74 | M6: 2.21 | N6: 1.46 | O6: 3.57 | P6: 0 | Q6: 1.38 | R6: 0.68 | S6: 0.68 | T6: 4.03 | U6: 3.23 | V6: 2.5 | W6: 2.58 | X6: -0.11 | Y6: 0.62 | Z6: -0.41 | AA6: 1.04 | AB6: 0.82 | AC6: -0.72 | AD6: 0.39 | AE6: 0.54 | AF6: 0.8 | AG6: 1.61 | AH6: 0.41 | AI6: 1.07 | AJ6: 1.44 | AK6: 2.99 | AL6: 1.45 | AM6: 3.62 | AN6: 1.64 | AO6: 1.3 | AP6: 1.19 | AQ6: 0.53 | AR6: 0.48 | AS6: 0.01 | AT6: 0.28 | AU6: 0.34 | AV6: 0.77 | AW6: 1.13 | AX6: 1.12 | AY6: 0.51 | AZ6: 0.33 | BA6: 0.14 | BB6: 0.2 | BC6: 0.06 | BD6: 0.21 | BE6: 0.3 | BF6: 0.45 | BG6: 0.52 | BH6: 0.2 | BI6: 0.29 | BJ6: 0.32 | BK6: 0.46 | BL6: 0.96 | BM6: 0.44 | BN6: 0.22 | BO6: 0.33 | BP6: 0.11 | BQ6: =ROUND(('Annual Change'!BQ6/Population!BP6)*100,2) -> 0.88
A7: Benton | B7: Benton County | C7: . | D7: 0.37 | E7: 0.8 | F7: -0.64 | G7: -0.16 | H7: 0.32 | I7: 0.96 | J7: 1.9 | K7: 1.4 | L7: 1.23 | M7: 2.33 | N7: -0.06 | O7: 0.3 | P7: 0.74 | Q7: 2.79 | R7: 6.28 | S7: 8.46 | T7: 7.55 | U7: 8.52 | V7: 9.01 | W7: 6.46 | X7: 1.06 | Y7: 3.31 | Z7: -1.06 | AA7: -2.76 | AB7: -1.35 | AC7: 0.36 | AD7: 0.73 | AE7: 0.7 | AF7: 0.86 | AG7: 1.08 | AH7: 1.67 | AI7: 1.8 | AJ7: 2.46 | AK7: 3.42 | AL7: 3.97 | AM7: 3.3 | AN7: 2.29 | AO7: 1.55 | AP7: 1.29 | AQ7: 2.13 | AR7: 1.96 | AS7: 2.08 | AT7: 2.46 | AU7: 2.59 | AV7: 2.19 | AW7: 1.86 | AX7: 1.75 | AY7: 1.52 | AZ7: 2.27 | BA7: 2.2 | BB7: 1.43 | BC7: 1.37 | BD7: 1.88 | BE7: 1.88 | BF7: 1.37 | BG7: 1.06 | BH7: 1.67 | BI7: 2.06 | BJ7: 2.06 | BK7: 2 | BL7: 1.22 | BM7: 1.38 | BN7: 1.51 | BO7: 1.09 | BP7: 0.81 | BQ7: =ROUND(('Annual Change'!BQ7/Population!BP7)*100,2) -> 1.63
A8: Chelan | B8: Chelan County | C8: . | D8: -0.35 | E8: 0.25 | F8: -1.47 | G8: -0.25 | H8: -0.5 | I8: -0.25 | J8: 1.76 | K8: 0.5 | L8: -0.74 | M8: 1.99 | N8: -0.25 | O8: -5.12 | P8: 0.26 | Q8: 1.79 | R8: 1.26 | S8: 1.24 | T8: 1.72 | U8: 2.9 | V8: 2.82 | W8: 2.88 | X8: 2.19 | Y8: -0.29 | Z8: 3.35 | AA8: 2.46 | AB8: 1.3 | AC8: 0.25 | AD8: 0.29 | AE8: 2.15 | AF8: 0.98 | AG8: 2.3 | AH8: 2.27 | AI8: 2.86 | AJ8: 2.65 | AK8: 3.36 | AL8: 3.02 | AM8: 1.93 | AN8: 2.7 | AO8: 2.07 | AP8: 2.14 | AQ8: 1.59 | AR8: 0.42 | AS8: 0.75 | AT8: 0.16 | AU8: 0.75 | AV8: 1.4 | AW8: 1.35 | AX8: 1.26 | AY8: 1.45 | AZ8: 0.54 | BA8: 0.37 | BB8: 0.52 | BC8: 0.46 | BD8: 0.31 | BE8: 1.38 | BF8: 0.63 | BG8: 0.84 | BH8: 1.11 | BI8: 1.48 | BJ8: 0.62 | BK8: 1.54 | BL8: 1.09 | BM8: 0.81 | BN8: 1.05 | BO8: 0.98 | BP8: 0.73 | BQ8: =ROUND(('Annual Change'!BQ8/Population!BP8)*100,2) -> 0.75
A9: Clallam | B9: Clallam County | C9: . | D9: 1.26 | E9: 1.97 | F9: -0.32 | G9: 1.29 | H9: 1.92 | I9: 1.88 | J9: 3.38 | K9: 2.08 | L9: 0.87 | M9: 0.49 | N9: 2.67 | O9: 1.68 | P9: 3.86 | Q9: 4.24 | R9: 4.58 | S9: 4.87 | T9: 2.09 | U9: 5.23 | V9: 6.48 | W9: 4.76 | X9: 0.47 | Y9: -0.78 | Z9: 1.11 | AA9: 0.95 | AB9: -0.16 | AC9: 0.71 | AD9: -0.08 | AE9: 3.03 | AF9: 1.58 | AG9: 1.71 | AH9: 2.53 | AI9: 1.13 | AJ9: 1.51 | AK9: 1.29 | AL9: 1.05 | AM9: 1.52 | AN9: 0.92 | AO9: 1.44 | AP9: 0.78 | AQ9: 1.19 | AR9: 0.84 | AS9: 1.05 | AT9: 0.81 | AU9: 1.21 | AV9: 1.42 | AW9: 1.89 | AX9: 1.3 | AY9: 1.12 | AZ9: 0.56 | BA9: 0.53 | BB9: 0.57 | BC9: 0.8 | BD9: 0.54 | BE9: 0.46 | BF9: 0.52 | BG9: 0.92 | BH9: 0.96 | BI9: 0.85 | BJ9: 1.23 | BK9: 0.94 | BL9: 0.77 | BM9: -0.16 | BN9: 0.58 | BO9: 0.61 | BP9: 0.13 | BQ9: =ROUND(('Annual Change'!BQ9/Population!BP9)*100,2) -> 0.76
A10: Clark | B10: Clark County | C10: . | D10: 3.19 | E10: 3.2 | F10: 2.3 | G10: 2.74 | H10: 3.33 | I10: 3.13 | J10: 4.74 | K10: 4.52 | L10: 5.31 | M10: -0.42 | N10: 3.85 | O10: 5.85 | P10: 2.83 | Q10: 4.41 | R10: 3.43 | S10: 2.68 | T10: 4.6 | U10: 3.62 | V10: 5.16 | W10: 4.76 | X10: 2.21 | Y10: 1.63 | Z10: 1.24 | AA10: 0.79 | AB10: 1.47 | AC10: 1.78 | AD10: 1.68 | AE10: 2.38 | AF10: 3.26 | AG10: 5.25 | AH10: 4.35 | AI10: 3.02 | AJ10: 3.37 | AK10: 3.73 | AL10: 4.51 | AM10: 4.03 | AN10: 4.07 | AO10: 4.31 | AP10: 3.32 | AQ10: 3.17 | AR10: 2.17 | AS10: 3.44 | AT10: 2.53 | AU10: 3.02 | AV10: 2.4 | AW10: 2.57 | AX10: 1.97 | AY10: 1.55 | AZ10: 1.12 | BA10: 0.37 | BB10: 0.77 | BC10: 0.86 | BD10: 1.09 | BE10: 1.7 | BF10: 1.82 | BG10: 2.06 | BH10: 2.3 | BI10: 1.79 | BJ10: 2.03 | BK10: 2.57 | BL10: 1.94 | BM10: 1.52 | BN10: 1.25 | BO10: 1.69 | BP10: 1.14 | BQ10: =ROUND(('Annual Change'!BQ10/Population!BP10)*100,2) -> 1.4
A11: Columbia | B11: Columbia County | C11: . | D11: 0.68 | E11: -4.35 | F11: 2.27 | G11: 0 | H11: -4.44 | I11: 2.33 | J11: 2.27 | K11: 4.44 | L11: -4.26 | M11: -1.36 | N11: -0.88 | O11: 0 | P11: -2.27 | Q11: 0 | R11: -2.33 | S11: 0 | T11: -2.38 | U11: 0 | V11: 0 | W11: -1.05 | X11: 0.17 | Y11: -0.1 | Z11: -0.37 | AA11: 0 | AB11: 0.02 | AC11: -0.05 | AD11: -0.1 | AE11: 0.12 | AF11: 0.2 | AG11: -0.72 | AH11: 0.5 | AI11: -0.07 | AJ11: 0.15 | AK11: 0.15 | AL11: -0.05 | AM11: 0 | AN11: 0.12 | AO11: 0.05 | AP11: 0.1 | AQ11: 0.05 | AR11: 1.23 | AS11: 0.02 | AT11: -0.1 | AU11: 0.27 | AV11: 0.32 | AW11: -0.17 | AX11: -0.8 | AY11: 0.1 | AZ11: -0.05 | BA11: -0.46 | BB11: -0.22 | BC11: -0.74 | BD11: -0.05 | BE11: -0.84 | BF11: 0.1 | BG11: -0.42 | BH11: -0.28 | BI11: -0.23 | BJ11: -0.2 | BK11: -0.25 | BL11: -0.05 | BM11: 0 | BN11: 0 | BO11: 0.63 | BP11: -0.63 | BQ11: =ROUND(('Annual Change'!BQ11/Population!BP11)*100,2) -> -0.63
A12: Cowlitz | B12: Cowlitz County | C12: . | D12: 1.73 | E12: 1.7 | F12: 1.34 | G12: 1.32 | H12: 1.79 | I12: 2.08 | J12: 3.29 | K12: 3.49 | L12: 1.17 | M12: -0.56 | N12: 1.29 | O12: -0.43 | P12: 0.87 | Q12: 1.58 | R12: 1.69 | S12: 0.42 | T12: 1.8 | U12: 2.71 | V12: 3.04 | W12: 1.98 | X12: 0.08 | Y12: -0.77 | Z12: 0.42 | AA12: 0.2 | AB12: -0.29 | AC12: -1.01 | AD12: 0.6 | AE12: 0.6 | AF12: 1.85 | AG12: 1.55 | AH12: 0.9 | AI12: 1.13 | AJ12: 1.21 | AK12: 1.31 | AL12: 1.53 | AM12: 1.49 | AN12: 1.17 | AO12: 1.15 | AP12: 1.26 | AQ12: 1.31 | AR12: 1.22 | AS12: 0.82 | AT12: 1.05 | AU12: 0.78 | AV12: 1.12 | AW12: 1.46 | AX12: 1.29 | AY12: 1.16 | AZ12: 0.62 | BA12: 0.23 | BB12: 0.31 | BC12: 0.36 | BD12: 0.36 | BE12: 0.55 | BF12: 0.63 | BG12: 0.68 | BH12: 1 | BI12: 1.23 | BJ12: 1.42 | BK12: 1.29 | BL12: 0.7 | BM12: 0.76 | BN12: 0.58 | BO12: 0.8 | BP12: 0.53 | BQ12: =ROUND(('Annual Change'!BQ12/Population!BP12)*100,2) -> 0.35
A13: Douglas | B13: Douglas County | C13: . | D13: 1.41 | E13: -0.66 | F13: 1.33 | G13: 0.66 | H13: 0 | I13: 1.96 | J13: 3.21 | K13: 3.11 | L13: 0 | M13: 1.13 | N13: 4.84 | O13: 0 | P13: -1.14 | Q13: 2.3 | R13: 2.81 | S13: 6.01 | T13: 4.12 | U13: 4.95 | V13: 1.89 | W13: 2.52 | X13: 1.47 | Y13: 0.04 | Z13: 0.64 | AA13: 0.77 | AB13: 1.81 | AC13: 1.63 | AD13: 0.47 | AE13: 3.1 | AF13: 2.58 | AG13: 4.57 | AH13: 5.51 | AI13: -0.81 | AJ13: 2.63 | AK13: 1.95 | AL13: 2.16 | AM13: 2.23 | AN13: 1.94 | AO13: 2.88 | AP13: 1.93 | AQ13: 1.77 | AR13: 0.66 | AS13: 0.16 | AT13: 2.05 | AU13: 1.19 | AV13: 1.54 | AW13: 3.01 | AX13: 2.35 | AY13: 2.47 | AZ13: 2.14 | BA13: 1.04 | BB13: 0.64 | BC13: 0.75 | BD13: 0.77 | BE13: 0.73 | BF13: 1.14 | BG13: 1.31 | BH13: 1.26 | BI13: 1.29 | BJ13: 1.4 | BK13: 1.87 | BL13: 1.43 | BM13: 1.03 | BN13: 1.14 | BO13: 1.46 | BP13: 0.66 | BQ13: =ROUND(('Annual Change'!BQ13/Population!BP13)*100,2) -> 0.88
A14: Ferry | B14: Ferry County | C14: . | D14: 5.43 | E14: -7.32 | F14: 2.63 | G14: 0 | H14: -2.56 | I14: 0 | J14: 2.63 | K14: -2.56 | L14: -5.26 | M14: 1.53 | N14: 1.23 | O14: 8.11 | P14: 2.5 | Q14: 7.32 | R14: 4.55 | S14: 4.35 | T14: 7.23 | U14: 2.97 | V14: 7.55 | W14: 1.95 | X14: 2.05 | Y14: 1.43 | Z14: 0.65 | AA14: -0.3 | AB14: -0.33 | AC14: 0.3 | AD14: -2.7 | AE14: 3.37 | AF14: 1.33 | AG14: 2.36 | AH14: 1.13 | AI14: 1.56 | AJ14: 1.48 | AK14: 1.33 | AL14: 2.47 | AM14: 2.03 | AN14: 1.55 | AO14: 1.09 | AP14: 0.69 | AQ14: 1.06 | AR14: 1.1 | AS14: 0.52 | AT14: 0.26 | AU14: -0.41 | AV14: 0.52 | AW14: 0.77 | AX14: 0.29 | AY14: 0.6 | AZ14: 0.45 | BA14: -0.16 | BB14: -0.49 | BC14: -0.49 | BD14: -0.37 | BE14: -0.6 | BF14: -0.68 | BG14: -0.48 | BH14: -0.49 | BI14: -0.67 | BJ14: -0.35 | BK14: -0.43 | BL14: 1 | BM14: 0.69 | BN14: 0 | BO14: 0.68 | BP14: 0 | BQ14: =ROUND(('Annual Change'!BQ14/Population!BP14)*100,2) -> 0
A15: Franklin | B15: Franklin County | C15: . | D15: 0.68 | E15: 1.7 | F15: -0.42 | G15: 1.26 | H15: 0.41 | I15: 0.83 | J15: 3.28 | K15: 1.59 | L15: 1.95 | M15: -1.09 | N15: 0.71 | O15: 3.08 | P15: 1.49 | Q15: 0.74 | R15: -1.09 | S15: 8.12 | T15: 3.41 | U15: 6.6 | V15: 5.26 | W15: 3.01 | X15: 2.05 | Y15: 2.65 | Z15: 0.19 | AA15: 0.63 | AB15: -1.09 | AC15: -0.54 | AD15: 0.74 | AE15: 0.68 | AF15: 0.84 | AG15: 0.68 | AH15: 2.8 | AI15: 1.44 | AJ15: 2.6 | AK15: 2.96 | AL15: 2.99 | AM15: 2.77 | AN15: 3.4 | AO15: 2.84 | AP15: 3.09 | AQ15: 3.02 | AR15: 2.28 | AS15: 3.59 | AT15: 5.01 | AU15: 6.68 | AV15: 6.82 | AW15: 6.07 | AX15: 4.84 | AY15: 3.81 | AZ15: 3.99 | BA15: 4.06 | BB15: 2.98 | BC15: 2.47 | BD15: 2.14 | BE15: 2.72 | BF15: 0.59 | BG15: 1.68 | BH15: 1.72 | BI15: 2.88 | BJ15: 2.28 | BK15: 2.13 | BL15: 1.65 | BM15: 1.42 | BN15: 1.35 | BO15: 1.19 | BP15: 0.93 | BQ15: =ROUND(('Annual Change'!BQ15/Population!BP15)*100,2) -> 2.57
A16: Garfield | B16: Garfield County | C16: . | D16: -2.55 | E16: 0 | F16: -6.9 | G16: 0 | H16: 3.7 | I16: 0 | J16: 3.57 | K16: 0 | L16: -3.45 | M16: 3.96 | N16: 6.49 | O16: 3.23 | P16: -6.25 | Q16: -6.67 | R16: 0 | S16: 3.57 | T16: 0 | U16: -6.9 | V16: -3.7 | W16: -5.08 | X16: -0.08 | Y16: -1.18 | Z16: 0.41 | AA16: -0.25 | AB16: -0.94 | AC16: -0.91 | AD16: -2.59 | AE16: -0.34 | AF16: -3.14 | AG16: -0.22 | AH16: 0.49 | AI16: 0.58 | AJ16: -0.18 | AK16: 1.85 | AL16: 0.52 | AM16: 0.95 | AN16: 0.43 | AO16: 0.25 | AP16: 0.51 | AQ16: 1.05 | AR16: -0.63 | AS16: -0.71 | AT16: -0.72 | AU16: -0.98 | AV16: -0.43 | AW16: -0.39 | AX16: -0.82 | AY16: -0.39 | AZ16: -0.26 | BA16: -0.26 | BB16: 0 | BC16: -0.26 | BD16: 0 | BE16: -0.35 | BF16: 1.24 | BG16: -0.61 | BH16: -0.13 | BI16: 0.27 | BJ16: 0.4 | BK16: 0.35 | BL16: 0.61 | BM16: 0 | BN16: 0 | BO16: 1.09 | BP16: -1.08 | BQ16: =ROUND(('Annual Change'!BQ16/Population!BP16)*100,2) -> 0
... A44: State | B44: State Total | C44: . | D44: 1.53 | E44: 1.76 | F44: 0.81 | G44: 1.21 | H44: 1.89 | I44: 1.96 | J44: 3.33 | K44: 3.31 | L44: 1.83 | M44: 0.48 | N44: 0.68 | O44: -0.17 | P44: 0.41 | Q44: 1.87 | R44: 1.69 | S44: 1.88 | T44: 2.21 | U44: 3.25 | V44: 3.73 | W44: 3.85 | X44: 2.35 | Y44: 1.12 | Z44: 0.72 | AA44: 1.09 | AB44: 1.42 | AC44: 1.05 | AD44: 1.45 | AE44: 1.98 | AF44: 2.41 | AG44: 2.93 | AH44: 2.75 | AI44: 1.82 | AJ44: 1.9 | AK44: 2 | AL44: 1.98 | AM44: 1.6 | AN44: 1.75 | AO44: 1.91 | AP44: 1.88 | AQ44: 1.76 | AR44: 1.29 | AS44: 1.49 | AT44: 1.11 | AU44: 1.33 | AV44: 1.45 | AW44: 1.93 | AX44: 1.63 | AY44: 1.27 | AZ44: 0.97 | BA44: 0.78 | BB44: 0.79 | BC44: 0.79 | BD44: 1.09 | BE44: 1.44 | BF44: 1.45 | BG44: 1.84 | BH44: 1.48 | BI44: 1.63 | BJ44: 1.59 | BK44: 1.64 | BL44: 0.79 | BM44: 1.25 | BN44: 1.1 | BO44: 1.06 | BP44: 0.99 | BQ44: =ROUND(('Annual Change'!BQ44/Population!BP44)*100,2) -> 0.75

Sheet Births
A1: Population and Components of Change, Births, 1960 to Present
A2: Office of Financial Management, Forecasting and Research Division
A4: County | B4: Jurisdiction | C4: Spacer | D4: Births1960-1961 | E4: Births 1961-1962 | F4: Births 1962-1963 | G4: Births 1963-1964 | H4: Births 1964-1965 | I4: Births 1965-1966 | J4: Births 1966-1967 | K4: Births 1967-1968 | L4: Births 1968-1969 | M4: Births 1969-1970 | N4: Births 1970-1971 | O4: Births 1971-1972 | P4: Births 1972-1973 | Q4: Births 1973-1974 | R4: Births 1974-1975 | S4: Births 1975-1976 | T4: Births 1976-1977 | U4: Births 1977-1978 | V4: Births 1978-1979 | W4: Births 1979-1980 | X4: Births 1980-1981 | Y4: Births 1981-1982 | Z4: Births 1982-1983 | AA4: Births 1983-1984 | AB4: Births 1984-1985 | AC4: Births 1985-1986 | AD4: Births 1986-1987 | AE4: Births 1987-1988 | AF4: Births 1988-1989 | AG4: Births 1989-1990 | AH4: Births 1990-1991 | AI4: Births 1991-1992 | AJ4: Births 1992-1993 | AK4: Births 1993-1994 | AL4: Births 1994-1995 | AM4: Births 1995-1996 | AN4: Births 1996-1997 | AO4: Births 1997-1998 | AP4: Births 1998-1999 | AQ4: Births 1999-2000 | AR4: Births 2000-2001 | AS4: Births 2001-2002 | AT4: Births 2002-2003 | AU4: Births 2003-2004 | AV4: Births 2004-2005 | AW4: Births 2005-2006 | AX4: Births 2006-2007 | AY4: Births 2007-2008 | AZ4: Births 2008-2009 | BA4: Births 2009-2010 | BB4: Births 2010-2011 | BC4: Births 2011-2012 | BD4: Births 2012-2013 | BE4: Births 2013-2014 | BF4: Births 2014-2015 | BG4: Births 2015-2016 | BH4: Births 2016-2017 | BI4: Births 2017-2018 | BJ4: Births 2018-2019 | BK4: Births 2019-2020 | BL4: Births 2020-2021 | BM4: Births 2021-2022 | BN4: Births 2022-2023 | BO4: Births 2023-2024 | BP4: Births 2024-2025 | BQ4: Births 2025-2026
A5: Adams | B5: Adams County | C5: . | D5: 250 | E5: 252 | F5: 294 | G5: 218 | H5: 252 | I5: 187 | J5: 201 | K5: 227 | L5: 230 | M5: 216 | N5: 261 | O5: 263 | P5: 228 | Q5: 238 | R5: 256 | S5: 282 | T5: 314 | U5: 330 | V5: 320 | W5: 304 | X5: 308 | Y5: 307 | Z5: 287 | AA5: 296 | AB5: 306 | AC5: 282 | AD5: 259 | AE5: 267 | AF5: 267 | AG5: 259 | AH5: 276 | AI5: 301 | AJ5: 313 | AK5: 327 | AL5: 315 | AM5: 294 | AN5: 303 | AO5: 288 | AP5: 328 | AQ5: 346 | AR5: 321 | AS5: 326 | AT5: 357 | AU5: 331 | AV5: 416 | AW5: 414 | AX5: 393 | AY5: 425 | AZ5: 440 | BA5: 415 | BB5: 478 | BC5: 394 | BD5: 381 | BE5: 413 | BF5: 367 | BG5: 361 | BH5: 369 | BI5: 395 | BJ5: 383 | BK5: 377 | BL5: 339 | BM5: 346 | BN5: 351 | BO5: 351 | BP5: 376 | BQ5: 358
A6: Asotin | B6: Asotin County | C6: . | D6: 283 | E6: 247 | F6: 255 | G6: 244 | H6: 229 | I6: 207 | J6: 205 | K6: 202 | L6: 209 | M6: 226 | N6: 217 | O6: 233 | P6: 189 | Q6: 250 | R6: 225 | S6: 209 | T6: 234 | U6: 231 | V6: 266 | W6: 271 | X6: 246 | Y6: 283 | Z6: 245 | AA6: 268 | AB6: 263 | AC6: 262 | AD6: 250 | AE6: 229 | AF6: 236 | AG6: 276 | AH6: 255 | AI6: 267 | AJ6: 278 | AK6: 246 | AL6: 263 | AM6: 242 | AN6: 251 | AO6: 278 | AP6: 288 | AQ6: 263 | AR6: 247 | AS6: 225 | AT6: 242 | AU6: 289 | AV6: 252 | AW6: 238 | AX6: 240 | AY6: 242 | AZ6: 245 | BA6: 217 | BB6: 243 | BC6: 236 | BD6: 249 | BE6: 242 | BF6: 257 | BG6: 220 | BH6: 216 | BI6: 208 | BJ6: 237 | BK6: 227 | BL6: 207 | BM6: 224 | BN6: 202 | BO6: 214 | BP6: 178 | BQ6: 201
A7: Benton | B7: Benton County | D7: 1562 | E7: 1519 | F7: 1368 | G7: 1329 | H7: 1280 | I7: 1128 | J7: 1090 | K7: 1042 | L7: 991 | M7: 1103 | N7: 1071 | O7: 1103 | P7: 991 | Q7: 970 | R7: 1101 | S7: 1181 | T7: 1390 | U7: 1485 | V7: 1812 | W7: 2003 | X7: 2089 | Y7: 2256 | Z7: 2126 | AA7: 2056 | AB7: 1981 | AC7: 1880 | AD7: 1880 | AE7: 1822 | AF7: 1756 | AG7: 1830 | AH7: 1874 | AI7: 1942 | AJ7: 1973 | AK7: 1976 | AL7: 1940 | AM7: 2026 | AN7: 2023 | AO7: 2000 | AP7: 2079 | AQ7: 2135 | AR7: 2094 | AS7: 2217 | AT7: 2147 | AU7: 2186 | AV7: 2140 | AW7: 2193 | AX7: 2428 | AY7: 2412 | AZ7: 2483 | BA7: 2467 | BB7: 2569 | BC7: 2558 | BD7: 2539 | BE7: 2549 | BF7: 2674 | BG7: 2696 | BH7: 2713 | BI7: 2552 | BJ7: 2580 | BK7: 2540 | BL7: 2470 | BM7: 2590 | BN7: 2441 | BO7: 2520 | BP7: 2649 | BQ7: 2592
A8: Chelan | B8: Chelan County | C8: . | D8: 799 | E8: 774 | F8: 683 | G8: 750 | H8: 678 | I8: 600 | J8: 622 | K8: 601 | L8: 598 | M8: 584 | N8: 622 | O8: 523 | P8: 491 | Q8: 466 | R8: 492 | S8: 562 | T8: 549 | U8: 656 | V8: 687 | W8: 739 | X8: 830 | Y8: 755 | Z8: 770 | AA8: 846 | AB8: 847 | AC8: 887 | AD8: 821 | AE8: 841 | AF8: 839 | AG8: 909 | AH8: 983 | AI8: 934 | AJ8: 968 | AK8: 1001 | AL8: 982 | AM8: 944 | AN8: 997 | AO8: 969 | AP8: 1035 | AQ8: 984 | AR8: 960 | AS8: 966 | AT8: 881 | AU8: 906 | AV8: 907 | AW8: 944 | AX8: 971 | AY8: 1049 | AZ8: 1064 | BA8: 1033 | BB8: 983 | BC8: 931 | BD8: 909 | BE8: 899 | BF8: 957 | BG8: 941 | BH8: 920 | BI8: 862 | BJ8: 845 | BK8: 875 | BL8: 791 | BM8: 799 | BN8: 785 | BO8: 777 | BP8: 840 | BQ8: 857
A9: Clallam | B9: Clallam County | C9: . | D9: 712 | E9: 739 | F9: 638 | G9: 553 | H9: 548 | I9: 539 | J9: 486 | K9: 535 | L9: 514 | M9: 595 | N9: 572 | O9: 574 | P9: 563 | Q9: 610 | R9: 646 | S9: 619 | T9: 666 | U9: 784 | V9: 777 | W9: 905 | X9: 876 | Y9: 768 | Z9: 784 | AA9: 793 | AB9: 822 | AC9: 748 | AD9: 719 | AE9: 768 | AF9: 697 | AG9: 718 | AH9: 779 | AI9: 714 | AJ9: 646 | AK9: 689 | AL9: 608 | AM9: 652 | AN9: 644 | AO9: 652 | AP9: 676 | AQ9: 612 | AR9: 627 | AS9: 606 | AT9: 581 | AU9: 619 | AV9: 584 | AW9: 627 | AX9: 671 | AY9: 646 | AZ9: 630 | BA9: 659 | BB9: 677 | BC9: 673 | BD9: 643 | BE9: 694 | BF9: 667 | BG9: 686 | BH9: 650 | BI9: 641 | BJ9: 610 | BK9: 567 | BL9: 625 | BM9: 582 | BN9: 500 | BO9: 509 | BP9: 542 | BQ9: 540
A10: Clark | B10: Clark County | C10: . | D10: 2073 | E10: 2066 | F10: 2026 | G10: 1957 | H10: 1885 | I10: 1809 | J10: 1954 | K10: 1980 | L10: 2145 | M10: 2248 | N10: 2442 | O10: 2258 | P10: 2203 | Q10: 2212 | R10: 2381 | S10: 2487 | T10: 2544 | U10: 2747 | V10: 2977 | W10: 3239 | X10: 3354 | Y10: 3343 | Z10: 3267 | AA10: 3028 | AB10: 3181 | AC10: 3332 | AD10: 3162 | AE10: 3369 | AF10: 3490 | AG10: 3813 | AH10: 4085 | AI10: 4060 | AJ10: 4023 | AK10: 4190 | AL10: 4396 | AM10: 4528 | AN10: 4861 | AO10: 5010 | AP10: 5144 | AQ10: 5194 | AR10: 5432 | AS10: 5234 | AT10: 5263 | AU10: 5441 | AV10: 5545 | AW10: 5730 | AX10: 5823 | AY10: 5917 | AZ10: 5723 | BA10: 5598 | BB10: 5385 | BC10: 5420 | BD10: 5445 | BE10: 5338 | BF10: 5564 | BG10: 5620 | BH10: 5631 | BI10: 5495 | BJ10: 5479 | BK10: 5600 | BL10: 5299 | BM10: 5741 | BN10: 5393 | BO10: 5612 | BP10: 5682 | BQ10: 5700
A11: Columbia | B11: Columbia County | C11: . | D11: 75 | E11: 74 | F11: 90 | G11: 80 | H11: 70 | I11: 62 | J11: 71 | K11: 82 | L11: 55 | M11: 50 | N11: 38 | O11: 49 | P11: 58 | Q11: 42 | R11: 47 | S11: 61 | T11: 68 | U11: 62 | V11: 63 | W11: 66 | X11: 59 | Y11: 60 | Z11: 60 | AA11: 63 | AB11: 45 | AC11: 58 | AD11: 58 | AE11: 58 | AF11: 43 | AG11: 49 | AH11: 58 | AI11: 39 | AJ11: 61 | AK11: 38 | AL11: 47 | AM11: 48 | AN11: 50 | AO11: 39 | AP11: 50 | AQ11: 21 | AR11: 39 | AS11: 33 | AT11: 41 | AU11: 36 | AV11: 38 | AW11: 25 | AX11: 46 | AY11: 33 | AZ11: 40 | BA11: 36 | BB11: 38 | BC11: 30 | BD11: 33 | BE11: 37 | BF11: 42 | BG11: 31 | BH11: 38 | BI11: 35 | BJ11: 31 | BK11: 38 | BL11: 34 | BM11: 28 | BN11: 36 | BO11: 32 | BP11: 39 | BQ11: 32
A12: Cowlitz | B12: Cowlitz County | D12: 1342 | E12: 1279 | F12: 1273 | G12: 1217 | H12: 1187 | I12: 1237 | J12: 1160 | K12: 1194 | L12: 1223 | M12: 1292 | N12: 1444 | O12: 1215 | P12: 1060 | Q12: 1050 | R12: 1164 | S12: 1184 | T12: 1200 | U12: 1238 | V12: 1248 | W12: 1367 | X12: 1317 | Y12: 1280 | Z12: 1257 | AA12: 1201 | AB12: 1146 | AC12: 1090 | AD12: 1200 | AE12: 1208 | AF12: 1232 | AG12: 1325 | AH12: 1360 | AI12: 1319 | AJ12: 1213 | AK12: 1237 | AL12: 1207 | AM12: 1253 | AN12: 1234 | AO12: 1154 | AP12: 1254 | AQ12: 1270 | AR12: 1270 | AS12: 1246 | AT12: 1191 | AU12: 1140 | AV12: 1273 | AW12: 1271 | AX12: 1339 | AY12: 1369 | AZ12: 1335 | BA12: 1241 | BB12: 1228 | BC12: 1217 | BD12: 1147 | BE12: 1153 | BF12: 1180 | BG12: 1263 | BH12: 1296 | BI12: 1263 | BJ12: 1244 | BK12: 1260 | BL12: 1212 | BM12: 1216 | BN12: 1245 | BO12: 1216 | BP12: 1247 | BQ12: 1249
A13: Douglas | B13: Douglas County | C13: . | D13: 283 | E13: 303 | F13: 225 | G13: 221 | H13: 208 | I13: 215 | J13: 207 | K13: 214 | L13: 224 | M13: 228 | N13: 254 | O13: 226 | P13: 194 | Q13: 232 | R13: 220 | S13: 280 | T13: 308 | U13: 336 | V13: 364 | W13: 382 | X13: 375 | Y13: 387 | Z13: 367 | AA13: 358 | AB13: 355 | AC13: 374 | AD13: 359 | AE13: 335 | AF13: 371 | AG13: 404 | AH13: 452 | AI13: 396 | AJ13: 414 | AK13: 457 | AL13: 461 | AM13: 432 | AN13: 453 | AO13: 453 | AP13: 430 | AQ13: 472 | AR13: 440 | AS13: 439 | AT13: 444 | AU13: 441 | AV13: 460 | AW13: 522 | AX13: 527 | AY13: 580 | AZ13: 590 | BA13: 515 | BB13: 532 | BC13: 534 | BD13: 509 | BE13: 511 | BF13: 530 | BG13: 536 | BH13: 509 | BI13: 547 | BJ13: 482 | BK13: 500 | BL13: 474 | BM13: 517 | BN13: 493 | BO13: 478 | BP13: 518 | BQ13: 516
A14: Ferry | B14: Ferry County | C14: . | D14: 84 | E14: 92 | F14: 86 | G14: 68 | H14: 80 | I14: 65 | J14: 57 | K14: 55 | L14: 73 | M14: 51 | N14: 60 | O14: 81 | P14: 60 | Q14: 77 | R14: 76 | S14: 75 | T14: 66 | U14: 84 | V14: 82 | W14: 123 | X14: 112 | Y14: 126 | Z14: 105 | AA14: 108 | AB14: 101 | AC14: 80 | AD14: 81 | AE14: 78 | AF14: 78 | AG14: 82 | AH14: 81 | AI14: 97 | AJ14: 84 | AK14: 80 | AL14: 85 | AM14: 84 | AN14: 78 | AO14: 79 | AP14: 76 | AQ14: 73 | AR14: 77 | AS14: 69 | AT14: 78 | AU14: 65 | AV14: 82 | AW14: 76 | AX14: 63 | AY14: 66 | AZ14: 66 | BA14: 68 | BB14: 59 | BC14: 75 | BD14: 72 | BE14: 66 | BF14: 76 | BG14: 66 | BH14: 78 | BI14: 67 | BJ14: 64 | BK14: 72 | BL14: 61 | BM14: 74 | BN14: 58 | BO14: 73 | BP14: 61 | BQ14: 71
A15: Franklin | B15: Franklin County | C15: . | D15: 554 | E15: 527 | F15: 515 | G15: 530 | H15: 471 | I15: 473 | J15: 432 | K15: 445 | L15: 413 | M15: 487 | N15: 471 | O15: 493 | P15: 497 | Q15: 477 | R15: 550 | S15: 564 | T15: 715 | U15: 724 | V15: 847 | W15: 898 | X15: 919 | Y15: 904 | Z15: 899 | AA15: 869 | AB15: 775 | AC15: 757 | AD15: 730 | AE15: 747 | AF15: 784 | AG15: 778 | AH15: 933 | AI15: 984 | AJ15: 948 | AK15: 984 | AL15: 1004 | AM15: 1009 | AN15: 1029 | AO15: 1000 | AP15: 1052 | AQ15: 1090 | AR15: 1093 | AS15: 1183 | AT15: 1224 | AU15: 1307 | AV15: 1382 | AW15: 1494 | AX15: 1534 | AY15: 1627 | AZ15: 1677 | BA15: 1666 | BB15: 1681 | BC15: 1742 | BD15: 1634 | BE15: 1616 | BF15: 1651 | BG15: 1659 | BH15: 1628 | BI15: 1563 | BJ15: 1507 | BK15: 1524 | BL15: 1462 | BM15: 1465 | BN15: 1438 | BO15: 1454 | BP15: 1522 | BQ15: 1513
A16: Garfield | B16: Garfield County | C16: . | D16: 66 | E16: 73 | F16: 50 | G16: 51 | H16: 35 | I16: 30 | J16: 45 | K16: 57 | L16: 51 | M16: 35 | N16: 53 | O16: 32 | P16: 31 | Q16: 37 | R16: 49 | S16: 33 | T16: 47 | U16: 38 | V16: 41 | W16: 32 | X16: 44 | Y16: 41 | Z16: 43 | AA16: 39 | AB16: 32 | AC16: 27 | AD16: 22 | AE16: 24 | AF16: 13 | AG16: 25 | AH16: 27 | AI16: 22 | AJ16: 18 | AK16: 18 | AL16: 17 | AM16: 24 | AN16: 18 | AO16: 15 | AP16: 18 | AQ16: 27 | AR16: 24 | AS16: 20 | AT16: 14 | AU16: 15 | AV16: 15 | AW16: 13 | AX16: 19 | AY16: 13 | AZ16: 26 | BA16: 17 | BB16: 22 | BC16: 21 | BD16: 14 | BE16: 23 | BF16: 24 | BG16: 29 | BH16: 30 | BI16: 24 | BJ16: 20 | BK16: 23 | BL16: 19 | BM16: 26 | BN16: 26 | BO16: 18 | BP16: 26 | BQ16: 20
A17: Grant | B17: Grant County | D17: 1416 | E17: 1644 | F17: 1479 | G17: 1292 | H17: 1113 | I17: 914 | J17: 670 | K17: 705 | L17: 710 | M17: 701 | N17: 833 | O17: 750 | P17: 726 | Q17: 715 | R17: 742 | S17: 803 | T17: 914 | U17: 912 | V17: 893 | W17: 959 | X17: 952 | Y17: 922 | Z17: 927 | AA17: 977 | AB17: 921 | AC17: 1029 | AD17: 899 | AE17: 935 | AF17: 883 | AG17: 941 | AH17: 1011 | AI17: 1138 | AJ17: 1112 | AK17: 1145 | AL17: 1214 | AM17: 1267 | AN17: 1334 | AO17: 1383 | AP17: 1318 | AQ17: 1424 | AR17: 1410 | AS17: 1313 | AT17: 1387 | AU17: 1433 | AV17: 1450 | AW17: 1487 | AX17: 1543 | AY17: 1596 | AZ17: 1616 | BA17: 1644 | BB17: 1619 | BC17: 1587 | BD17: 1562 | BE17: 1477 | BF17: 1487 | BG17: 1495 | BH17: 1476 | BI17: 1469 | BJ17: 1494 | BK17: 1407 | BL17: 1375 | BM17: 1358 | BN17: 1401 | BO17: 1403 | BP17: 1580 | BQ17: 1470
A18: Grays Harbor | B18: Grays Harbor County | C18: . | D18: 1161 | E18: 1037 | F18: 1106 | G18: 1024 | H18: 1096 | I18: 1053 | J18: 1000 | K18: 943 | L18: 1001 | M18: 1052 | N18: 1079 | O18: 949 | P18: 942 | Q18: 845 | R18: 924 | S18: 865 | T18: 983 | U18: 1031 | V18: 1079 | W18: 1199 | X18: 1124 | Y18: 1069 | Z18: 1106 | AA18: 1018 | AB18: 1053 | AC18: 1028 | AD18: 922 | AE18: 896 | AF18: 953 | AG18: 933 | AH18: 940 | AI18: 1006 | AJ18: 910 | AK18: 854 | AL18: 856 | AM18: 880 | AN18: 867 | AO18: 859 | AP18: 853 | AQ18: 824 | AR18: 791 | AS18: 765 | AT18: 823 | AU18: 808 | AV18: 845 | AW18: 852 | AX18: 883 | AY18: 891 | AZ18: 894 | BA18: 813 | BB18: 846 | BC18: 803 | BD18: 793 | BE18: 752 | BF18: 764 | BG18: 794 | BH18: 748 | BI18: 733 | BJ18: 717 | BK18: 701 | BL18: 693 | BM18: 695 | BN18: 659 | BO18: 687 | BP18: 654 | BQ18: 610
A19: Island | B19: Island County | C19: . | D19: 604 | E19: 636 | F19: 649 | G19: 621 | H19: 575 | I19: 482 | J19: 481 | K19: 594 | L19: 573 | M19: 602 | N19: 682 | O19: 570 | P19: 592 | Q19: 543 | R19: 661 | S19: 632 | T19: 642 | U19: 732 | V19: 761 | W19: 809 | X19: 792 | Y19: 804 | Z19: 789 | AA19: 895 | AB19: 878 | AC19: 897 | AD19: 846 | AE19: 926 | AF19: 938 | AG19: 988 | AH19: 1038 | AI19: 1032 | AJ19: 1105 | AK19: 1013 | AL19: 1015 | AM19: 937 | AN19: 974 | AO19: 1008 | AP19: 872 | AQ19: 932 | AR19: 938 | AS19: 909 | AT19: 932 | AU19: 967 | AV19: 992 | AW19: 973 | AX19: 929 | AY19: 1007 | AZ19: 914 | BA19: 922 | BB19: 905 | BC19: 930 | BD19: 882 | BE19: 868 | BF19: 884 | BG19: 969 | BH19: 940 | BI19: 915 | BJ19: 904 | BK19: 877 | BL19: 751 | BM19: 763 | BN19: 773 | BO19: 728 | BP19: 800 | BQ19: 769
A20: Jefferson | B20: Jefferson County | C20: . | D20: 205 | E20: 208 | F20: 174 | G20: 155 | H20: 145 | I20: 156 | J20: 137 | K20: 143 | L20: 142 | M20: 150 | N20: 152 | O20: 110 | P20: 129 | Q20: 140 | R20: 139 | S20: 133 | T20: 179 | U20: 198 | V20: 210 | W20: 221 | X20: 232 | Y20: 249 | Z20: 217 | AA20: 218 | AB20: 227 | AC20: 198 | AD20: 201 | AE20: 225 | AF20: 222 | AG20: 194 | AH20: 223 | AI20: 250 | AJ20: 252 | AK20: 223 | AL20: 212 | AM20: 213 | AN20: 209 | AO20: 216 | AP20: 196 | AQ20: 217 | AR20: 202 | AS20: 211 | AT20: 188 | AU20: 227 | AV20: 186 | AW20: 220 | AX20: 219 | AY20: 206 | AZ20: 197 | BA20: 195 | BB20: 204 | BC20: 187 | BD20: 192 | BE20: 197 | BF20: 177 | BG20: 194 | BH20: 191 | BI20: 165 | BJ20: 186 | BK20: 194 | BL20: 131 | BM20: 170 | BN20: 145 | BO20: 127 | BP20: 146 | BQ20: 162
A21: King | B21: King County | C21: . | D21: 21363 | E21: 21431 | F21: 21526 | G21: 20158 | H21: 17782 | I21: 17041 | J21: 18433 | K21: 19313 | L21: 20417 | M21: 20512 | N21: 18866 | O21: 15658 | P21: 13679 | Q21: 13291 | R21: 13544 | S21: 13448 | T21: 13994 | U21: 14703 | V21: 15500 | W21: 16832 | X21: 17840 | Y21: 18816 | Z21: 18991 | AA21: 18474 | AB21: 19174 | AC21: 20016 | AD21: 20048 | AE21: 20655 | AF21: 21574 | AG21: 22745 | AH21: 23144 | AI21: 23129 | AJ21: 22859 | AK21: 22287 | AL21: 21997 | AM21: 21580 | AN21: 21613 | AO21: 21925 | AP21: 22189 | AQ21: 22089 | AR21: 22355 | AS21: 21814 | AT21: 21909 | AU21: 22508 | AV21: 22877 | AW21: 22890 | AX21: 24491 | AY21: 25051 | AZ21: 25108 | BA21: 25002 | BB21: 24400 | BC21: 24626 | BD21: 25177 | BE21: 25023 | BF21: 25311 | BG21: 25768 | BH21: 25663 | BI21: 25153 | BJ21: 24360 | BK21: 24090 | BL21: 23153 | BM21: 23618 | BN21: 22743 | BO21: 22652 | BP21: 23003 | BQ21: 22868
A22: Kitsap | B22: Kitsap County | D22: 1706 | E22: 1725 | F22: 1699 | G22: 1593 | H22: 1557 | I22: 1507 | J22: 1422 | K22: 1587 | L22: 1672 | M22: 1773 | N22: 1839 | O22: 1615 | P22: 1533 | Q22: 1511 | R22: 1653 | S22: 1793 | T22: 1862 | U22: 2123 | V22: 2182 | W22: 2330 | X22: 2553 | Y22: 2777 | Z22: 2662 | AA22: 2914 | AB22: 2749 | AC22: 2827 | AD22: 2696 | AE22: 2844 | AF22: 2880 | AG22: 3172 | AH22: 3408 | AI22: 3515 | AJ22: 3504 | AK22: 3135 | AL22: 3354 | AM22: 3284 | AN22: 3282 | AO22: 3197 | AP22: 2945 | AQ22: 3013 | AR22: 3002 | AS22: 2975 | AT22: 2980 | AU22: 2925 | AV22: 2988 | AW22: 2975 | AX22: 2976 | AY22: 2903 | AZ22: 3076 | BA22: 2884 | BB22: 2979 | BC22: 2954 | BD22: 3018 | BE22: 2835 | BF22: 3002 | BG22: 3100 | BH22: 3115 | BI22: 3015 | BJ22: 2974 | BK22: 2937 | BL22: 2720 | BM22: 2826 | BN22: 2870 | BO22: 2681 | BP22: 2812 | BQ22: 2832
A23: Kittitas | B23: Kittitas County | C23: . | D23: 424 | E23: 481 | F23: 388 | G23: 378 | H23: 305 | I23: 320 | J23: 331 | K23: 345 | L23: 376 | M23: 357 | N23: 388 | O23: 357 | P23: 282 | Q23: 267 | R23: 269 | S23: 292 | T23: 311 | U23: 317 | V23: 323 | W23: 298 | X23: 353 | Y23: 328 | Z23: 356 | AA23: 327 | AB23: 334 | AC23: 311 | AD23: 266 | AE23: 298 | AF23: 301 | AG23: 317 | AH23: 320 | AI23: 321 | AJ23: 309 | AK23: 306 | AL23: 300 | AM23: 331 | AN23: 318 | AO23: 345 | AP23: 348 | AQ23: 363 | AR23: 391 | AS23: 347 | AT23: 343 | AU23: 373 | AV23: 357 | AW23: 328 | AX23: 374 | AY23: 406 | AZ23: 392 | BA23: 422 | BB23: 433 | BC23: 391 | BD23: 418 | BE23: 380 | BF23: 394 | BG23: 409 | BH23: 423 | BI23: 417 | BJ23: 408 | BK23: 403 | BL23: 358 | BM23: 398 | BN23: 425 | BO23: 382 | BP23: 403 | BQ23: 458
A24: Klickitat | B24: Klickitat County | C24: . | D24: 317 | E24: 306 | F24: 284 | G24: 269 | H24: 248 | I24: 237 | J24: 228 | K24: 174 | L24: 182 | M24: 199 | N24: 175 | O24: 203 | P24: 221 | Q24: 220 | R24: 210 | S24: 251 | T24: 254 | U24: 237 | V24: 258 | W24: 271 | X24: 243 | Y24: 321 | Z24: 277 | AA24: 263 | AB24: 256 | AC24: 259 | AD24: 235 | AE24: 215 | AF24: 216 | AG24: 248 | AH24: 230 | AI24: 251 | AJ24: 235 | AK24: 230 | AL24: 233 | AM24: 234 | AN24: 236 | AO24: 227 | AP24: 238 | AQ24: 236 | AR24: 247 | AS24: 214 | AT24: 251 | AU24: 219 | AV24: 216 | AW24: 212 | AX24: 215 | AY24: 225 | AZ24: 207 | BA24: 216 | BB24: 238 | BC24: 209 | BD24: 206 | BE24: 186 | BF24: 208 | BG24: 207 | BH24: 186 | BI24: 223 | BJ24: 212 | BK24: 202 | BL24: 198 | BM24: 196 | BN24: 200 | BO24: 203 | BP24: 244 | BQ24: 245
A25: Lewis | B25: Lewis County | C25: . | D25: 776 | E25: 808 | F25: 806 | G25: 706 | H25: 700 | I25: 697 | J25: 701 | K25: 687 | L25: 747 | M25: 716 | N25: 744 | O25: 761 | P25: 742 | Q25: 758 | R25: 735 | S25: 805 | T25: 849 | U25: 936 | V25: 924 | W25: 1002 | X25: 969 | Y25: 962 | Z25: 944 | AA25: 957 | AB25: 851 | AC25: 811 | AD25: 830 | AE25: 864 | AF25: 835 | AG25: 911 | AH25: 861 | AI25: 889 | AJ25: 818 | AK25: 821 | AL25: 864 | AM25: 900 | AN25: 892 | AO25: 881 | AP25: 917 | AQ25: 932 | AR25: 880 | AS25: 841 | AT25: 896 | AU25: 820 | AV25: 887 | AW25: 869 | AX25: 944 | AY25: 929 | AZ25: 978 | BA25: 958 | BB25: 946 | BC25: 869 | BD25: 857 | BE25: 845 | BF25: 871 | BG25: 907 | BH25: 959 | BI25: 866 | BJ25: 897 | BK25: 952 | BL25: 865 | BM25: 913 | BN25: 969 | BO25: 924 | BP25: 979 | BQ25: 1003
A26: Lincoln | B26: Lincoln County | C26: . | D26: 199 | E26: 207 | F26: 170 | G26: 174 | H26: 135 | I26: 127 | J26: 118 | K26: 119 | L26: 142 | M26: 117 | N26: 118 | O26: 119 | P26: 108 | Q26: 105 | R26: 127 | S26: 133 | T26: 140 | U26: 122 | V26: 126 | W26: 144 | X26: 135 | Y26: 132 | Z26: 141 | AA26: 135 | AB26: 123 | AC26: 135 | AD26: 122 | AE26: 108 | AF26: 93 | AG26: 100 | AH26: 82 | AI26: 98 | AJ26: 95 | AK26: 124 | AL26: 90 | AM26: 92 | AN26: 106 | AO26: 124 | AP26: 114 | AQ26: 110 | AR26: 102 | AS26: 89 | AT26: 83 | AU26: 85 | AV26: 103 | AW26: 91 | AX26: 116 | AY26: 102 | AZ26: 99 | BA26: 91 | BB26: 102 | BC26: 100 | BD26: 92 | BE26: 101 | BF26: 95 | BG26: 105 | BH26: 101 | BI26: 108 | BJ26: 99 | BK26: 86 | BL26: 113 | BM26: 100 | BN26: 110 | BO26: 137 | BP26: 110 | BQ26: 118
A27: Mason | B27: Mason County | D27: 339 | E27: 306 | F27: 299 | G27: 277 | H27: 298 | I27: 288 | J27: 230 | K27: 273 | L27: 275 | M27: 353 | N27: 324 | O27: 309 | P27: 292 | Q27: 291 | R27: 298 | S27: 299 | T27: 360 | U27: 358 | V27: 431 | W27: 507 | X27: 475 | Y27: 524 | Z27: 491 | AA27: 499 | AB27: 533 | AC27: 499 | AD27: 448 | AE27: 464 | AF27: 466 | AG27: 456 | AH27: 504 | AI27: 499 | AJ27: 506 | AK27: 487 | AL27: 561 | AM27: 542 | AN27: 549 | AO27: 522 | AP27: 549 | AQ27: 566 | AR27: 541 | AS27: 557 | AT27: 537 | AU27: 571 | AV27: 571 | AW27: 620 | AX27: 622 | AY27: 655 | AZ27: 650 | BA27: 683 | BB27: 601 | BC27: 644 | BD27: 689 | BE27: 608 | BF27: 595 | BG27: 638 | BH27: 659 | BI27: 640 | BJ27: 613 | BK27: 670 | BL27: 633 | BM27: 629 | BN27: 658 | BO27: 662 | BP27: 640 | BQ27: 644
A28: Okanogan | B28: Okanogan County | C28: . | D28: 582 | E28: 519 | F28: 461 | G28: 476 | H28: 430 | I28: 399 | J28: 372 | K28: 375 | L28: 375 | M28: 420 | N28: 423 | O28: 465 | P28: 418 | Q28: 414 | R28: 447 | S28: 429 | T28: 450 | U28: 504 | V28: 518 | W28: 563 | X28: 614 | Y28: 634 | Z28: 624 | AA28: 614 | AB28: 579 | AC28: 524 | AD28: 537 | AE28: 525 | AF28: 563 | AG28: 523 | AH28: 546 | AI28: 576 | AJ28: 553 | AK28: 580 | AL28: 552 | AM28: 538 | AN28: 561 | AO28: 537 | AP28: 531 | AQ28: 569 | AR28: 495 | AS28: 514 | AT28: 446 | AU28: 506 | AV28: 527 | AW28: 526 | AX28: 591 | AY28: 567 | AZ28: 551 | BA28: 609 | BB28: 577 | BC28: 565 | BD28: 530 | BE28: 507 | BF28: 503 | BG28: 488 | BH28: 505 | BI28: 498 | BJ28: 460 | BK28: 472 | BL28: 420 | BM28: 422 | BN28: 478 | BO28: 391 | BP28: 389 | BQ28: 402
A29: Pacific | B29: Pacific County | C29: . | D29: 243 | E29: 190 | F29: 248 | G29: 172 | H29: 212 | I29: 247 | J29: 200 | K29: 230 | L29: 217 | M29: 225 | N29: 255 | O29: 200 | P29: 179 | Q29: 205 | R29: 219 | S29: 235 | T29: 234 | U29: 253 | V29: 264 | W29: 264 | X29: 271 | Y29: 273 | Z29: 242 | AA29: 248 | AB29: 243 | AC29: 243 | AD29: 211 | AE29: 241 | AF29: 251 | AG29: 223 | AH29: 229 | AI29: 204 | AJ29: 234 | AK29: 236 | AL29: 204 | AM29: 221 | AN29: 221 | AO29: 213 | AP29: 194 | AQ29: 170 | AR29: 205 | AS29: 191 | AT29: 165 | AU29: 196 | AV29: 209 | AW29: 222 | AX29: 186 | AY29: 235 | AZ29: 199 | BA29: 186 | BB29: 194 | BC29: 212 | BD29: 190 | BE29: 176 | BF29: 200 | BG29: 195 | BH29: 215 | BI29: 172 | BJ29: 163 | BK29: 160 | BL29: 170 | BM29: 151 | BN29: 142 | BO29: 154 | BP29: 172 | BQ29: 155
A30: Pend Oreille | B30: Pend Oreille County | C30: . | D30: 149 | E30: 135 | F30: 138 | G30: 131 | H30: 137 | I30: 159 | J30: 127 | K30: 102 | L30: 80 | M30: 89 | N30: 116 | O30: 112 | P30: 110 | Q30: 128 | R30: 112 | S30: 127 | T30: 132 | U30: 139 | V30: 154 | W30: 172 | X30: 158 | Y30: 143 | Z30: 142 | AA30: 119 | AB30: 123 | AC30: 139 | AD30: 118 | AE30: 113 | AF30: 138 | AG30: 145 | AH30: 133 | AI30: 135 | AJ30: 140 | AK30: 148 | AL30: 145 | AM30: 148 | AN30: 115 | AO30: 121 | AP30: 135 | AQ30: 131 | AR30: 109 | AS30: 130 | AT30: 108 | AU30: 115 | AV30: 110 | AW30: 127 | AX30: 138 | AY30: 146 | AZ30: 129 | BA30: 148 | BB30: 115 | BC30: 92 | BD30: 124 | BE30: 109 | BF30: 125 | BG30: 123 | BH30: 121 | BI30: 120 | BJ30: 116 | BK30: 127 | BL30: 108 | BM30: 119 | BN30: 102 | BO30: 117 | BP30: 128 | BQ30: 140
A31: Pierce | B31: Pierce County | C31: . | D31: 8043 | E31: 8228 | F31: 8082 | G31: 7809 | H31: 7423 | I31: 6693 | J31: 6746 | K31: 7123 | L31: 7628 | M31: 7699 | N31: 7876 | O31: 6887 | P31: 5958 | Q31: 6548 | R31: 6876 | S31: 7084 | T31: 7563 | U31: 7738 | V31: 8199 | W31: 8756 | X31: 9144 | Y31: 9461 | Z31: 9485 | AA31: 9167 | AB31: 9348 | AC31: 9543 | AD31: 9558 | AE31: 9781 | AF31: 9817 | AG31: 10123 | AH31: 10505 | AI31: 10460 | AJ31: 10402 | AK31: 10018 | AL31: 9666 | AM31: 9439 | AN31: 9624 | AO31: 9728 | AP31: 9918 | AQ31: 9941 | AR31: 10186 | AS31: 10087 | AT31: 10025 | AU31: 10155 | AV31: 10248 | AW31: 10552 | AX31: 11303 | AY31: 11330 | AZ31: 11654 | BA31: 11442 | BB31: 10594 | BC31: 11536 | BD31: 10995 | BE31: 11313 | BF31: 11588 | BG31: 11663 | BH31: 11730 | BI31: 11380 | BJ31: 11271 | BK31: 11113 | BL31: 11021 | BM31: 11027 | BN31: 10983 | BO31: 10395 | BP31: 10549 | BQ31: 10510
A32: San Juan | B32: San Juan County | D32: 35 | E32: 39 | F32: 35 | G32: 42 | H32: 36 | I32: 37 | J32: 35 | K32: 25 | L32: 29 | M32: 38 | N32: 32 | O32: 43 | P32: 47 | Q32: 42 | R32: 41 | S32: 61 | T32: 40 | U32: 78 | V32: 92 | W32: 80 | X32: 105 | Y32: 101 | Z32: 80 | AA32: 124 | AB32: 85 | AC32: 119 | AD32: 110 | AE32: 107 | AF32: 111 | AG32: 107 | AH32: 102 | AI32: 109 | AJ32: 106 | AK32: 103 | AL32: 113 | AM32: 105 | AN32: 94 | AO32: 114 | AP32: 107 | AQ32: 86 | AR32: 101 | AS32: 110 | AT32: 86 | AU32: 88 | AV32: 101 | AW32: 105 | AX32: 91 | AY32: 120 | AZ32: 99 | BA32: 82 | BB32: 102 | BC32: 78 | BD32: 72 | BE32: 106 | BF32: 82 | BG32: 84 | BH32: 85 | BI32: 80 | BJ32: 87 | BK32: 108 | BL32: 98 | BM32: 101 | BN32: 107 | BO32: 89 | BP32: 100 | BQ32: 109
A33: Skagit | B33: Skagit County | C33: . | D33: 1022 | E33: 982 | F33: 893 | G33: 891 | H33: 766 | I33: 725 | J33: 780 | K33: 745 | L33: 795 | M33: 855 | N33: 829 | O33: 852 | P33: 699 | Q33: 717 | R33: 803 | S33: 810 | T33: 820 | U33: 932 | V33: 898 | W33: 1026 | X33: 1052 | Y33: 1150 | Z33: 1086 | AA33: 1067 | AB33: 1097 | AC33: 1067 | AD33: 1016 | AE33: 1074 | AF33: 1156 | AG33: 1149 | AH33: 1222 | AI33: 1310 | AJ33: 1332 | AK33: 1251 | AL33: 1281 | AM33: 1318 | AN33: 1277 | AO33: 1339 | AP33: 1395 | AQ33: 1331 | AR33: 1413 | AS33: 1405 | AT33: 1336 | AU33: 1364 | AV33: 1444 | AW33: 1468 | AX33: 1517 | AY33: 1568 | AZ33: 1601 | BA33: 1498 | BB33: 1476 | BC33: 1463 | BD33: 1445 | BE33: 1453 | BF33: 1399 | BG33: 1486 | BH33: 1491 | BI33: 1405 | BJ33: 1378 | BK33: 1386 | BL33: 1366 | BM33: 1408 | BN33: 1381 | BO33: 1366 | BP33: 1317 | BQ33: 1293
A34: Skamania | B34: Skamania County | C34: . | D34: 121 | E34: 122 | F34: 117 | G34: 94 | H34: 95 | I34: 105 | J34: 77 | K34: 74 | L34: 82 | M34: 91 | N34: 76 | O34: 88 | P34: 103 | Q34: 91 | R34: 83 | S34: 89 | T34: 107 | U34: 105 | V34: 116 | W34: 151 | X34: 140 | Y34: 129 | Z34: 104 | AA34: 122 | AB34: 111 | AC34: 89 | AD34: 112 | AE34: 117 | AF34: 106 | AG34: 120 | AH34: 91 | AI34: 104 | AJ34: 88 | AK34: 96 | AL34: 83 | AM34: 81 | AN34: 78 | AO34: 97 | AP34: 122 | AQ34: 124 | AR34: 107 | AS34: 111 | AT34: 103 | AU34: 107 | AV34: 87 | AW34: 99 | AX34: 114 | AY34: 120 | AZ34: 110 | BA34: 110 | BB34: 99 | BC34: 104 | BD34: 110 | BE34: 101 | BF34: 82 | BG34: 100 | BH34: 97 | BI34: 92 | BJ34: 103 | BK34: 83 | BL34: 93 | BM34: 87 | BN34: 94 | BO34: 80 | BP34: 75 | BQ34: 90
A35: Snohomish | B35: Snohomish County | C35: . | D35: 4161 | E35: 4238 | F35: 4312 | G35: 4200 | H35: 4057 | I35: 3716 | J35: 3759 | K35: 4165 | L35: 4612 | M35: 5089 | N35: 5166 | O35: 4386 | P35: 3764 | Q35: 3861 | R35: 3946 | S35: 4012 | T35: 4118 | U35: 4501 | V35: 4664 | W35: 5316 | X35: 5740 | Y35: 6164 | Z35: 6102 | AA35: 6119 | AB35: 6351 | AC35: 6535 | AD35: 6648 | AE35: 6967 | AF35: 7490 | AG35: 8028 | AH35: 8160 | AI35: 8286 | AJ35: 8165 | AK35: 7967 | AL35: 7762 | AM35: 7685 | AN35: 7955 | AO35: 8242 | AP35: 8404 | AQ35: 8481 | AR35: 8607 | AS35: 8539 | AT35: 8452 | AU35: 8667 | AV35: 8669 | AW35: 8817 | AX35: 9290 | AY35: 9705 | AZ35: 9543 | BA35: 9242 | BB35: 8977 | BC35: 8952 | BD35: 9233 | BE35: 9463 | BF35: 9631 | BG35: 9898 | BH35: 9949 | BI35: 9769 | BJ35: 9869 | BK35: 9556 | BL35: 9314 | BM35: 9989 | BN35: 9789 | BO35: 9940 | BP35: 9875 | BQ35: 9789
A36: Spokane | B36: Spokane County | C36: . | D36: 6641 | E36: 6107 | F36: 5859 | G36: 5483 | H36: 4941 | I36: 4561 | J36: 4432 | K36: 4367 | L36: 4634 | M36: 4989 | N36: 5364 | O36: 4940 | P36: 4596 | Q36: 4639 | R36: 4614 | S36: 4679 | T36: 4828 | U36: 4972 | V36: 5296 | W36: 5504 | X36: 5637 | Y36: 5681 | Z36: 5631 | AA36: 5556 | AB36: 5631 | AC36: 5559 | AD36: 5374 | AE36: 5341 | AF36: 5361 | AG36: 5440 | AH36: 5689 | AI36: 5823 | AJ36: 5655 | AK36: 5624 | AL36: 5430 | AM36: 5528 | AN36: 5553 | AO36: 5596 | AP36: 5520 | AQ36: 5533 | AR36: 5602 | AS36: 5446 | AT36: 5482 | AU36: 5440 | AV36: 5525 | AW36: 5642 | AX36: 6036 | AY36: 6068 | AZ36: 6100 | BA36: 6003 | BB36: 5857 | BC36: 5779 | BD36: 6104 | BE36: 6010 | BF36: 5926 | BG36: 6056 | BH36: 6096 | BI36: 5864 | BJ36: 5777 | BK36: 5755 | BL36: 5702 | BM36: 5877 | BN36: 5897 | BO36: 5724 | BP36: 6108 | BQ36: 5961
A37: Stevens | B37: Stevens County | D37: 374 | E37: 340 | F37: 311 | G37: 226 | H37: 271 | I37: 266 | J37: 271 | K37: 243 | L37: 227 | M37: 268 | N37: 277 | O37: 281 | P37: 286 | Q37: 300 | R37: 343 | S37: 367 | T37: 390 | U37: 439 | V37: 454 | W37: 509 | X37: 583 | Y37: 574 | Z37: 530 | AA37: 501 | AB37: 484 | AC37: 482 | AD37: 449 | AE37: 425 | AF37: 401 | AG37: 452 | AH37: 380 | AI37: 418 | AJ37: 411 | AK37: 444 | AL37: 440 | AM37: 463 | AN37: 451 | AO37: 450 | AP37: 423 | AQ37: 474 | AR37: 425 | AS37: 472 | AT37: 423 | AU37: 499 | AV37: 479 | AW37: 436 | AX37: 500 | AY37: 478 | AZ37: 410 | BA37: 445 | BB37: 418 | BC37: 449 | BD37: 429 | BE37: 440 | BF37: 461 | BG37: 449 | BH37: 438 | BI37: 427 | BJ37: 410 | BK37: 398 | BL37: 418 | BM37: 443 | BN37: 484 | BO37: 453 | BP37: 481 | BQ37: 440
A38: Thurston | B38: Thurston County | C38: . | D38: 1305 | E38: 1308 | F38: 1364 | G38: 1283 | H38: 1273 | I38: 1073 | J38: 1117 | K38: 1130 | L38: 1300 | M38: 1332 | N38: 1423 | O38: 1334 | P38: 1195 | Q38: 1229 | R38: 1380 | S38: 1457 | T38: 1586 | U38: 1661 | V38: 1772 | W38: 2010 | X38: 2271 | Y38: 2120 | Z38: 2188 | AA38: 2140 | AB38: 2134 | AC38: 2160 | AD38: 2167 | AE38: 2164 | AF38: 2226 | AG38: 2327 | AH38: 2346 | AI38: 2449 | AJ38: 2471 | AK38: 2488 | AL38: 2445 | AM38: 2398 | AN38: 2486 | AO38: 2413 | AP38: 2516 | AQ38: 2495 | AR38: 2632 | AS38: 2450 | AT38: 2500 | AU38: 2671 | AV38: 2574 | AW38: 2628 | AX38: 2867 | AY38: 2934 | AZ38: 3152 | BA38: 3094 | BB38: 2950 | BC38: 3159 | BD38: 3094 | BE38: 3103 | BF38: 3154 | BG38: 3100 | BH38: 3184 | BI38: 3083 | BJ38: 3088 | BK38: 3025 | BL38: 3046 | BM38: 3069 | BN38: 2920 | BO38: 2955 | BP38: 3006 | BQ38: 2864
A39: Wahkiakum | B39: Wahkiakum County | C39: . | D39: 64 | E39: 70 | F39: 54 | G39: 54 | H39: 61 | I39: 65 | J39: 44 | K39: 63 | L39: 50 | M39: 52 | N39: 65 | O39: 54 | P39: 49 | Q39: 57 | R39: 52 | S39: 62 | T39: 36 | U39: 52 | V39: 58 | W39: 47 | X39: 51 | Y39: 40 | Z39: 40 | AA39: 43 | AB39: 31 | AC39: 33 | AD39: 32 | AE39: 30 | AF39: 39 | AG39: 35 | AH39: 33 | AI39: 35 | AJ39: 22 | AK39: 37 | AL39: 43 | AM39: 32 | AN39: 46 | AO39: 39 | AP39: 34 | AQ39: 37 | AR39: 30 | AS39: 29 | AT39: 21 | AU39: 28 | AV39: 35 | AW39: 30 | AX39: 27 | AY39: 28 | AZ39: 30 | BA39: 29 | BB39: 33 | BC39: 25 | BD39: 37 | BE39: 31 | BF39: 20 | BG39: 29 | BH39: 20 | BI39: 32 | BJ39: 24 | BK39: 22 | BL39: 26 | BM39: 33 | BN39: 32 | BO39: 25 | BP39: 32 | BQ39: 35
A40: Walla Walla | B40: Walla Walla County | C40: . | D40: 797 | E40: 760 | F40: 811 | G40: 703 | H40: 679 | I40: 610 | J40: 624 | K40: 597 | L40: 617 | M40: 624 | N40: 603 | O40: 534 | P40: 499 | Q40: 476 | R40: 513 | S40: 528 | T40: 582 | U40: 578 | V40: 648 | W40: 686 | X40: 689 | Y40: 734 | Z40: 717 | AA40: 731 | AB40: 643 | AC40: 649 | AD40: 624 | AE40: 659 | AF40: 633 | AG40: 649 | AH40: 661 | AI40: 766 | AJ40: 688 | AK40: 743 | AL40: 700 | AM40: 768 | AN40: 742 | AO40: 706 | AP40: 696 | AQ40: 669 | AR40: 684 | AS40: 714 | AT40: 681 | AU40: 709 | AV40: 715 | AW40: 708 | AX40: 669 | AY40: 712 | AZ40: 729 | BA40: 645 | BB40: 694 | BC40: 660 | BD40: 678 | BE40: 679 | BF40: 685 | BG40: 642 | BH40: 664 | BI40: 629 | BJ40: 603 | BK40: 596 | BL40: 572 | BM40: 579 | BN40: 534 | BO40: 551 | BP40: 544 | BQ40: 554
A41: Whatcom | B41: Whatcom County | C41: . | D41: 1309 | E41: 1366 | F41: 1270 | G41: 1250 | H41: 1107 | I41: 1027 | J41: 1032 | K41: 1091 | L41: 1231 | M41: 1333 | N41: 1363 | O41: 1316 | P41: 1142 | Q41: 1207 | R41: 1248 | S41: 1269 | T41: 1361 | U41: 1424 | V41: 1493 | W41: 1591 | X41: 1669 | Y41: 1691 | Z41: 1686 | AA41: 1665 | AB41: 1606 | AC41: 1619 | AD41: 1560 | AE41: 1597 | AF41: 1708 | AG41: 1727 | AH41: 1804 | AI41: 1955 | AJ41: 1907 | AK41: 1909 | AL41: 1952 | AM41: 1856 | AN41: 1882 | AO41: 2020 | AP41: 2063 | AQ41: 1954 | AR41: 2033 | AS41: 1976 | AT41: 1994 | AU41: 2099 | AV41: 2010 | AW41: 2169 | AX41: 2197 | AY41: 2205 | AZ41: 2241 | BA41: 2237 | BB41: 2286 | BC41: 2304 | BD41: 2242 | BE41: 2248 | BF41: 2314 | BG41: 2355 | BH41: 2257 | BI41: 2208 | BJ41: 2082 | BK41: 1972 | BL41: 1998 | BM41: 2035 | BN41: 1923 | BO41: 1999 | BP41: 2031 | BQ41: 2069
A42: Whitman | B42: Whitman County | D42: 693 | E42: 690 | F42: 658 | G42: 601 | H42: 540 | I42: 490 | J42: 497 | K42: 481 | L42: 557 | M42: 566 | N42: 560 | O42: 518 | P42: 475 | Q42: 458 | R42: 442 | S42: 467 | T42: 477 | U42: 463 | V42: 427 | W42: 482 | X42: 492 | Y42: 516 | Z42: 487 | AA42: 450 | AB42: 505 | AC42: 431 | AD42: 424 | AE42: 391 | AF42: 403 | AG42: 372 | AH42: 405 | AI42: 440 | AJ42: 395 | AK42: 440 | AL42: 398 | AM42: 463 | AN42: 400 | AO42: 399 | AP42: 405 | AQ42: 433 | AR42: 385 | AS42: 378 | AT42: 432 | AU42: 393 | AV42: 391 | AW42: 414 | AX42: 423 | AY42: 452 | AZ42: 430 | BA42: 423 | BB42: 442 | BC42: 413 | BD42: 498 | BE42: 440 | BF42: 439 | BG42: 418 | BH42: 438 | BI42: 402 | BJ42: 361 | BK42: 367 | BL42: 358 | BM42: 396 | BN42: 413 | BO42: 379 | BP42: 390 | BQ42: 398
A43: Yakima | B43: Yakima County | C43: . | D43: 3196 | E43: 3273 | F43: 3223 | G43: 3074 | H43: 2974 | I43: 2614 | J43: 2503 | K43: 2560 | L43: 2615 | M43: 2613 | N43: 2898 | O43: 2635 | P43: 2366 | Q43: 2440 | R43: 2499 | S43: 2731 | T43: 2880 | U43: 3058 | V43: 2990 | W43: 3312 | X43: 3340 | Y43: 3445 | Z43: 3347 | AA43: 3309 | AB43: 3291 | AC43: 3338 | AD43: 3414 | AE43: 3397 | AF43: 3641 | AG43: 3764 | AH43: 4095 | AI43: 4300 | AJ43: 4317 | AK43: 4373 | AL43: 4218 | AM43: 4169 | AN43: 4229 | AO43: 4190 | AP43: 4326 | AQ43: 4232 | AR43: 4235 | AS43: 4140 | AT43: 4023 | AU43: 4208 | AV43: 4155 | AW43: 4163 | AX43: 4437 | AY43: 4550 | AZ43: 4410 | BA43: 4453 | BB43: 4401 | BC43: 4212 | BD43: 4008 | BE43: 4034 | BF43: 4093 | BG43: 4039 | BH43: 3835 | BI43: 3829 | BJ43: 3570 | BK43: 3581 | BL43: 3407 | BM43: 3441 | BN43: 3426 | BO43: 3165 | BP43: 3450 | BQ43: 3490
A44: State | B44: State Total | C44: . | D44: 65328 | E44: 65101 | F44: 63919 | G44: 60354 | H44: 55879 | I44: 52161 | J44: 52897 | K44: 54888 | L44: 58012 | M44: 59930 | N44: 60031 | O44: 53096 | P44: 47697 | Q44: 48159 | R44: 50127 | S44: 51398 | T44: 54193 | U44: 57281 | V44: 60214 | W44: 65370 | X44: 68153 | Y44: 70270 | Z44: 69602 | AA44: 68577 | AB44: 69215 | AC44: 70317 | AD44: 69408 | AE44: 71105 | AF44: 73211 | AG44: 76657 | AH44: 79325 | AI44: 80573 | AJ44: 79530 | AK44: 78325 | AL44: 77453 | AM44: 77008 | AN44: 78035 | AO44: 78828 | AP44: 79758 | AQ44: 79853 | AR44: 80732 | AS44: 79291 | AT44: 79069 | AU44: 80957 | AV44: 81845 | AW44: 83170 | AX44: 87752 | AY44: 89568 | AZ44: 89838 | BA44: 88408 | BB44: 86383 | BC44: 87134 | BD44: 87250 | BE44: 87026 | BF44: 88479 | BG44: 89819 | BH44: 89664 | BI44: 87346 | BJ44: 85708 | BK44: 84843 | BL44: 82100 | BM44: 84451 | BN44: 82626 | BO44: 81623 | BP44: 83698 | BQ44: 83127

Sheet Deaths
A1: Population and Components of Change, Deaths, 1960 to Present
A2: Office of Financial Management, Forecasting and Research Division
A4: County | B4: Jurisdiction | C4: Spacer | D4: Deaths 1960-1961 | E4: Deaths 1961-1962 | F4: Deaths 1962-1963 | G4: Deaths 1963-1964 | H4: Deaths 1964-1965 | I4: Deaths 1965-1966 | J4: Deaths 1966-1967 | K4: Deaths 1967-1968 | L4: Deaths 1968-1969 | M4: Deaths 1969-1970 | N4: Deaths 1970-1971 | O4: Deaths 1971-1972 | P4: Deaths 1972-1973 | Q4: Deaths 1973-1974 | R4: Deaths 1974-1975 | S4: Deaths 1975-1976 | T4: Deaths 1976-1977 | U4: Deaths 1977-1978 | V4: Deaths 1978-1979 | W4: Deaths 1979-1980 | X4: Deaths 1980-1981 | Y4: Deaths 1981-1982 | Z4: Deaths 1982-1983 | AA4: Deaths 1983-1984 | AB4: Deaths 1984-1985 | AC4: Deaths 1985-1986 | AD4: Deaths 1986-1987 | AE4: Deaths 1987-1988 | AF4: Deaths 1988-1989 | AG4: Deaths 1989-1990 | AH4: Deaths 1990-1991 | AI4: Deaths 1991-1992 | AJ4: Deaths 1992-1993 | AK4: Deaths 1993-1994 | AL4: Deaths 1994-1995 | AM4: Deaths 1995-1996 | AN4: Deaths 1996-1997 | AO4: Deaths 1997-1998 | AP4: Deaths 1998-1999 | AQ4: Deaths 1999-2000 | AR4: Deaths 2000-2001 | AS4: Deaths 2001-2002 | AT4: Deaths 2002-2003 | AU4: Deaths 2003-2004 | AV4: Deaths 2004-2005 | AW4: Deaths 2005-2006 | AX4: Deaths 2006-2007 | AY4: Deaths 2007-2008 | AZ4: Deaths 2008-2009 | BA4: Deaths 2009-2010 | BB4: Deaths 2010-2011 | BC4: Deaths 2011-2012 | BD4: Deaths 2012-2013 | BE4: Deaths 2013-2014 | BF4: Deaths 2014-2015 | BG4: Deaths 2015-2016 | BH4: Deaths 2016-2017 | BI4: Deaths 2017-2018 | BJ4: Deaths 2018-2019 | BK4: Deaths 2019-2020 | BL4: Deaths 2020-2021 | BM4: Deaths 2021-2022 | BN4: Deaths 2022-2023 | BO4: Deaths 2023-2024 | BP4: Deaths 2024-2025 | BQ4: Deaths 2025-2026
A5: Adams | B5: Adams County | C5: . | D5: 88 | E5: 79 | F5: 65 | G5: 76 | H5: 83 | I5: 82 | J5: 86 | K5: 94 | L5: 83 | M5: 69 | N5: 112 | O5: 83 | P5: 71 | Q5: 74 | R5: 84 | S5: 96 | T5: 108 | U5: 89 | V5: 79 | W5: 100 | X5: 86 | Y5: 77 | Z5: 101 | AA5: 80 | AB5: 97 | AC5: 111 | AD5: 112 | AE5: 102 | AF5: 110 | AG5: 114 | AH5: 107 | AI5: 101 | AJ5: 97 | AK5: 98 | AL5: 110 | AM5: 105 | AN5: 114 | AO5: 100 | AP5: 122 | AQ5: 109 | AR5: 102 | AS5: 121 | AT5: 107 | AU5: 117 | AV5: 115 | AW5: 100 | AX5: 100 | AY5: 118 | AZ5: 122 | BA5: 112 | BB5: 115 | BC5: 102 | BD5: 121 | BE5: 125 | BF5: 127 | BG5: 147 | BH5: 117 | BI5: 99 | BJ5: 110 | BK5: 131 | BL5: 142 | BM5: 151 | BN5: 165 | BO5: 103 | BP5: 133 | BQ5: 132
A6: Asotin | B6: Asotin County | C6: . | D6: 138 | E6: 128 | F6: 138 | G6: 163 | H6: 178 | I6: 147 | J6: 145 | K6: 138 | L6: 182 | M6: 171 | N6: 184 | O6: 167 | P6: 161 | Q6: 184 | R6: 172 | S6: 158 | T6: 182 | U6: 185 | V6: 187 | W6: 183 | X6: 154 | Y6: 147 | Z6: 171 | AA6: 175 | AB6: 155 | AC6: 196 | AD6: 166 | AE6: 170 | AF6: 162 | AG6: 181 | AH6: 210 | AI6: 208 | AJ6: 206 | AK6: 231 | AL6: 205 | AM6: 213 | AN6: 214 | AO6: 232 | AP6: 237 | AQ6: 230 | AR6: 202 | AS6: 188 | AT6: 204 | AU6: 204 | AV6: 217 | AW6: 192 | AX6: 212 | AY6: 202 | AZ6: 245 | BA6: 219 | BB6: 197 | BC6: 243 | BD6: 265 | BE6: 227 | BF6: 256 | BG6: 261 | BH6: 245 | BI6: 241 | BJ6: 277 | BK6: 259 | BL6: 308 | BM6: 302 | BN6: 322 | BO6: 305 | BP6: 339 | BQ6: 284
A7: Benton | B7: Benton County | D7: 312 | E7: 341 | F7: 346 | G7: 397 | H7: 338 | I7: 372 | J7: 411 | K7: 410 | L7: 410 | M7: 445 | N7: 459 | O7: 438 | P7: 441 | Q7: 512 | R7: 466 | S7: 495 | T7: 509 | U7: 516 | V7: 519 | W7: 575 | X7: 587 | Y7: 528 | Z7: 567 | AA7: 538 | AB7: 679 | AC7: 609 | AD7: 630 | AE7: 652 | AF7: 671 | AG7: 690 | AH7: 711 | AI7: 762 | AJ7: 796 | AK7: 747 | AL7: 826 | AM7: 822 | AN7: 912 | AO7: 821 | AP7: 904 | AQ7: 836 | AR7: 989 | AS7: 1008 | AT7: 992 | AU7: 1041 | AV7: 1000 | AW7: 1038 | AX7: 1112 | AY7: 1179 | AZ7: 1177 | BA7: 1216 | BB7: 1235 | BC7: 1230 | BD7: 1288 | BE7: 1261 | BF7: 1364 | BG7: 1470 | BH7: 1430 | BI7: 1505 | BJ7: 1402 | BK7: 1568 | BL7: 1814 | BM7: 1948 | BN7: 1946 | BO7: 1716 | BP7: 1781 | BQ7: 1811
A8: Chelan | B8: Chelan County | C8: . | D8: 383 | E8: 382 | F8: 391 | G8: 457 | H8: 416 | I8: 387 | J8: 446 | K8: 430 | L8: 426 | M8: 375 | N8: 447 | O8: 428 | P8: 457 | Q8: 406 | R8: 418 | S8: 439 | T8: 434 | U8: 429 | V8: 448 | W8: 503 | X8: 483 | Y8: 478 | Z8: 508 | AA8: 500 | AB8: 542 | AC8: 466 | AD8: 441 | AE8: 439 | AF8: 538 | AG8: 503 | AH8: 533 | AI8: 535 | AJ8: 562 | AK8: 520 | AL8: 570 | AM8: 583 | AN8: 559 | AO8: 552 | AP8: 564 | AQ8: 533 | AR8: 556 | AS8: 566 | AT8: 571 | AU8: 609 | AV8: 541 | AW8: 590 | AX8: 570 | AY8: 625 | AZ8: 636 | BA8: 614 | BB8: 604 | BC8: 665 | BD8: 680 | BE8: 674 | BF8: 710 | BG8: 702 | BH8: 646 | BI8: 707 | BJ8: 717 | BK8: 736 | BL8: 764 | BM8: 859 | BN8: 882 | BO8: 758 | BP8: 772 | BQ8: 760
A9: Clallam | B9: Clallam County | C9: . | D9: 297 | E9: 283 | F9: 304 | G9: 294 | H9: 317 | I9: 358 | J9: 337 | K9: 360 | L9: 365 | M9: 393 | N9: 364 | O9: 366 | P9: 369 | Q9: 410 | R9: 444 | S9: 433 | T9: 421 | U9: 431 | V9: 466 | W9: 490 | X9: 488 | Y9: 482 | Z9: 483 | AA9: 523 | AB9: 545 | AC9: 540 | AD9: 515 | AE9: 614 | AF9: 556 | AG9: 597 | AH9: 614 | AI9: 656 | AJ9: 705 | AK9: 691 | AL9: 674 | AM9: 780 | AN9: 762 | AO9: 744 | AP9: 769 | AQ9: 803 | AR9: 725 | AS9: 785 | AT9: 831 | AU9: 838 | AV9: 819 | AW9: 825 | AX9: 888 | AY9: 928 | AZ9: 918 | BA9: 920 | BB9: 897 | BC9: 949 | BD9: 904 | BE9: 915 | BF9: 988 | BG9: 929 | BH9: 978 | BI9: 1020 | BJ9: 1080 | BK9: 1101 | BL9: 1104 | BM9: 1322 | BN9: 1238 | BO9: 1200 | BP9: 1250 | BQ9: 1188
A10: Clark | B10: Clark County | C10: . | D10: 836 | E10: 905 | F10: 887 | G10: 908 | H10: 968 | I10: 967 | J10: 1025 | K10: 1051 | L10: 1040 | M10: 1088 | N10: 1075 | O10: 1137 | P10: 1208 | Q10: 1091 | R10: 1190 | S10: 1148 | T10: 1105 | U10: 1271 | V10: 1191 | W10: 1294 | X10: 1335 | Y10: 1352 | Z10: 1393 | AA10: 1402 | AB10: 1473 | AC10: 1460 | AD10: 1462 | AE10: 1547 | AF10: 1576 | AG10: 1576 | AH10: 1663 | AI10: 1763 | AJ10: 1838 | AK10: 1909 | AL10: 2007 | AM10: 1979 | AN10: 2143 | AO10: 2106 | AP10: 2198 | AQ10: 2274 | AR10: 2334 | AS10: 2348 | AT10: 2499 | AU10: 2517 | AV10: 2671 | AW10: 2644 | AX10: 2693 | AY10: 2696 | AZ10: 2753 | BA10: 2812 | BB10: 2937 | BC10: 2975 | BD10: 3107 | BE10: 3054 | BF10: 3335 | BG10: 3443 | BH10: 3392 | BI10: 3473 | BJ10: 3714 | BK10: 3834 | BL10: 4290 | BM10: 4770 | BN10: 4536 | BO10: 4424 | BP10: 4542 | BQ10: 4425
A11: Columbia | B11: Columbia County | C11: . | D11: 50 | E11: 60 | F11: 64 | G11: 56 | H11: 58 | I11: 60 | J11: 66 | K11: 47 | L11: 50 | M11: 68 | N11: 68 | O11: 58 | P11: 51 | Q11: 40 | R11: 54 | S11: 56 | T11: 61 | U11: 58 | V11: 41 | W11: 51 | X11: 61 | Y11: 50 | Z11: 52 | AA11: 49 | AB11: 47 | AC11: 69 | AD11: 45 | AE11: 39 | AF11: 58 | AG11: 53 | AH11: 41 | AI11: 43 | AJ11: 52 | AK11: 42 | AL11: 67 | AM11: 46 | AN11: 52 | AO11: 45 | AP11: 57 | AQ11: 56 | AR11: 52 | AS11: 41 | AT11: 47 | AU11: 54 | AV11: 52 | AW11: 35 | AX11: 52 | AY11: 47 | AZ11: 39 | BA11: 46 | BB11: 64 | BC11: 50 | BD11: 36 | BE11: 52 | BF11: 71 | BG11: 47 | BH11: 61 | BI11: 61 | BJ11: 46 | BK11: 60 | BL11: 64 | BM11: 79 | BN11: 78 | BO11: 106 | BP11: 47 | BQ11: 51
A12: Cowlitz | B12: Cowlitz County | D12: 480 | E12: 491 | F12: 495 | G12: 572 | H12: 504 | I12: 558 | J12: 514 | K12: 556 | L12: 561 | M12: 615 | N12: 567 | O12: 589 | P12: 615 | Q12: 569 | R12: 558 | S12: 598 | T12: 596 | U12: 666 | V12: 633 | W12: 571 | X12: 684 | Y12: 582 | Z12: 658 | AA12: 687 | AB12: 655 | AC12: 635 | AD12: 672 | AE12: 767 | AF12: 719 | AG12: 688 | AH12: 706 | AI12: 783 | AJ12: 766 | AK12: 822 | AL12: 802 | AM12: 892 | AN12: 883 | AO12: 889 | AP12: 865 | AQ12: 916 | AR12: 909 | AS12: 923 | AT12: 955 | AU12: 949 | AV12: 985 | AW12: 1020 | AX12: 1020 | AY12: 1005 | AZ12: 1007 | BA12: 963 | BB12: 975 | BC12: 1025 | BD12: 1052 | BE12: 1102 | BF12: 1142 | BG12: 1104 | BH12: 1192 | BI12: 1243 | BJ12: 1172 | BK12: 1255 | BL12: 1336 | BM12: 1611 | BN12: 1347 | BO12: 1313 | BP12: 1409 | BQ12: 1387
A13: Douglas | B13: Douglas County | C13: . | D13: 73 | E13: 82 | F13: 88 | G13: 98 | H13: 100 | I13: 120 | J13: 123 | K13: 133 | L13: 98 | M13: 113 | N13: 124 | O13: 107 | P13: 120 | Q13: 99 | R13: 117 | S13: 136 | T13: 145 | U13: 128 | V13: 144 | W13: 144 | X13: 140 | Y13: 144 | Z13: 149 | AA13: 156 | AB13: 169 | AC13: 154 | AD13: 170 | AE13: 178 | AF13: 206 | AG13: 214 | AH13: 196 | AI13: 154 | AJ13: 198 | AK13: 194 | AL13: 192 | AM13: 227 | AN13: 235 | AO13: 231 | AP13: 227 | AQ13: 238 | AR13: 236 | AS13: 232 | AT13: 263 | AU13: 265 | AV13: 285 | AW13: 245 | AX13: 249 | AY13: 287 | AZ13: 259 | BA13: 284 | BB13: 303 | BC13: 293 | BD13: 291 | BE13: 324 | BF13: 296 | BG13: 314 | BH13: 287 | BI13: 288 | BJ13: 318 | BK13: 332 | BL13: 348 | BM13: 399 | BN13: 379 | BO13: 335 | BP13: 339 | BQ13: 390
A14: Ferry | B14: Ferry County | C14: . | D14: 41 | E14: 37 | F14: 45 | G14: 40 | H14: 41 | I14: 35 | J14: 40 | K14: 32 | L14: 32 | M14: 30 | N14: 26 | O14: 31 | P14: 30 | Q14: 36 | R14: 30 | S14: 33 | T14: 30 | U14: 47 | V14: 33 | W14: 41 | X14: 37 | Y14: 40 | Z14: 34 | AA14: 46 | AB14: 47 | AC14: 35 | AD14: 52 | AE14: 43 | AF14: 36 | AG14: 41 | AH14: 51 | AI14: 47 | AJ14: 48 | AK14: 72 | AL14: 60 | AM14: 58 | AN14: 80 | AO14: 65 | AP14: 58 | AQ14: 69 | AR14: 46 | AS14: 50 | AT14: 53 | AU14: 65 | AV14: 87 | AW14: 83 | AX14: 65 | AY14: 94 | AZ14: 63 | BA14: 74 | BB14: 84 | BC14: 86 | BD14: 86 | BE14: 82 | BF14: 83 | BG14: 82 | BH14: 80 | BI14: 86 | BJ14: 93 | BK14: 84 | BL14: 98 | BM14: 152 | BN14: 104 | BO14: 132 | BP14: 105 | BQ14: 99
A15: Franklin | B15: Franklin County | C15: . | D15: 153 | E15: 176 | F15: 147 | G15: 143 | H15: 153 | I15: 180 | J15: 184 | K15: 192 | L15: 177 | M15: 166 | N15: 204 | O15: 211 | P15: 201 | Q15: 209 | R15: 190 | S15: 224 | T15: 204 | U15: 216 | V15: 229 | W15: 211 | X15: 210 | Y15: 231 | Z15: 209 | AA15: 218 | AB15: 239 | AC15: 230 | AD15: 243 | AE15: 258 | AF15: 273 | AG15: 247 | AH15: 252 | AI15: 282 | AJ15: 235 | AK15: 282 | AL15: 275 | AM15: 271 | AN15: 286 | AO15: 286 | AP15: 297 | AQ15: 289 | AR15: 314 | AS15: 299 | AT15: 293 | AU15: 270 | AV15: 286 | AW15: 289 | AX15: 312 | AY15: 303 | AZ15: 352 | BA15: 366 | BB15: 347 | BC15: 370 | BD15: 362 | BE15: 348 | BF15: 363 | BG15: 374 | BH15: 383 | BI15: 391 | BJ15: 446 | BK15: 422 | BL15: 541 | BM15: 585 | BN15: 557 | BO15: 517 | BP15: 567 | BQ15: 532
A16: Garfield | B16: Garfield County | C16: . | D16: 37 | E16: 32 | F16: 38 | G16: 22 | H16: 31 | I16: 30 | J16: 36 | K16: 32 | L16: 34 | M16: 36 | N16: 27 | O16: 38 | P16: 41 | Q16: 25 | R16: 24 | S16: 32 | T16: 29 | U16: 28 | V16: 21 | W16: 21 | X16: 29 | Y16: 20 | Z16: 35 | AA16: 32 | AB16: 30 | AC16: 28 | AD16: 24 | AE16: 32 | AF16: 23 | AG16: 38 | AH16: 33 | AI16: 23 | AJ16: 30 | AK16: 31 | AL16: 48 | AM16: 31 | AN16: 32 | AO16: 32 | AP16: 28 | AQ16: 29 | AR16: 30 | AS16: 35 | AT16: 19 | AU16: 24 | AV16: 28 | AW16: 25 | AX16: 29 | AY16: 19 | AZ16: 34 | BA16: 26 | BB16: 24 | BC16: 36 | BD16: 29 | BE16: 24 | BF16: 16 | BG16: 29 | BH16: 21 | BI16: 33 | BJ16: 28 | BK16: 25 | BL16: 31 | BM16: 34 | BN16: 27 | BO16: 34 | BP16: 32 | BQ16: 40
A17: Grant | B17: Grant County | D17: 244 | E17: 299 | F17: 264 | G17: 268 | H17: 262 | I17: 281 | J17: 246 | K17: 285 | L17: 309 | M17: 289 | N17: 279 | O17: 326 | P17: 322 | Q17: 313 | R17: 337 | S17: 316 | T17: 326 | U17: 326 | V17: 329 | W17: 349 | X17: 335 | Y17: 349 | Z17: 355 | AA17: 387 | AB17: 345 | AC17: 396 | AD17: 367 | AE17: 385 | AF17: 433 | AG17: 410 | AH17: 444 | AI17: 395 | AJ17: 451 | AK17: 486 | AL17: 518 | AM17: 524 | AN17: 570 | AO17: 499 | AP17: 518 | AQ17: 550 | AR17: 508 | AS17: 527 | AT17: 586 | AU17: 573 | AV17: 584 | AW17: 553 | AX17: 624 | AY17: 558 | AZ17: 600 | BA17: 603 | BB17: 661 | BC17: 659 | BD17: 661 | BE17: 664 | BF17: 663 | BG17: 660 | BH17: 700 | BI17: 734 | BJ17: 696 | BK17: 702 | BL17: 848 | BM17: 939 | BN17: 877 | BO17: 872 | BP17: 800 | BQ17: 878
A18: Grays Harbor | B18: Grays Harbor County | C18: . | D18: 605 | E18: 678 | F18: 623 | G18: 686 | H18: 693 | I18: 693 | J18: 654 | K18: 697 | L18: 738 | M18: 690 | N18: 665 | O18: 681 | P18: 663 | Q18: 670 | R18: 707 | S18: 657 | T18: 635 | U18: 666 | V18: 579 | W18: 618 | X18: 665 | Y18: 652 | Z18: 629 | AA18: 624 | AB18: 665 | AC18: 679 | AD18: 658 | AE18: 735 | AF18: 740 | AG18: 700 | AH18: 737 | AI18: 733 | AJ18: 725 | AK18: 733 | AL18: 729 | AM18: 714 | AN18: 741 | AO18: 789 | AP18: 713 | AQ18: 776 | AR18: 812 | AS18: 830 | AT18: 744 | AU18: 784 | AV18: 807 | AW18: 724 | AX18: 752 | AY18: 805 | AZ18: 811 | BA18: 724 | BB18: 790 | BC18: 739 | BD18: 862 | BE18: 761 | BF18: 826 | BG18: 817 | BH18: 812 | BI18: 894 | BJ18: 879 | BK18: 923 | BL18: 967 | BM18: 1177 | BN18: 1145 | BO18: 1049 | BP18: 1112 | BQ18: 1085
A19: Island | B19: Island County | C19: . | D19: 148 | E19: 140 | F19: 144 | G19: 148 | H19: 149 | I19: 158 | J19: 170 | K19: 177 | L19: 174 | M19: 161 | N19: 197 | O19: 211 | P19: 205 | Q19: 235 | R19: 211 | S19: 206 | T19: 238 | U19: 277 | V19: 263 | W19: 294 | X19: 330 | Y19: 271 | Z19: 316 | AA19: 356 | AB19: 350 | AC19: 381 | AD19: 380 | AE19: 406 | AF19: 403 | AG19: 408 | AH19: 406 | AI19: 428 | AJ19: 426 | AK19: 443 | AL19: 469 | AM19: 464 | AN19: 456 | AO19: 518 | AP19: 567 | AQ19: 502 | AR19: 544 | AS19: 556 | AT19: 570 | AU19: 629 | AV19: 587 | AW19: 590 | AX19: 590 | AY19: 623 | AZ19: 671 | BA19: 581 | BB19: 628 | BC19: 635 | BD19: 646 | BE19: 661 | BF19: 681 | BG19: 743 | BH19: 761 | BI19: 779 | BJ19: 827 | BK19: 808 | BL19: 867 | BM19: 873 | BN19: 954 | BO19: 862 | BP19: 904 | BQ19: 882
A20: Jefferson | B20: Jefferson County | C20: . | D20: 112 | E20: 98 | F20: 98 | G20: 95 | H20: 92 | I20: 96 | J20: 109 | K20: 107 | L20: 112 | M20: 112 | N20: 131 | O20: 116 | P20: 116 | Q20: 115 | R20: 125 | S20: 145 | T20: 117 | U20: 135 | V20: 121 | W20: 141 | X20: 145 | Y20: 147 | Z20: 186 | AA20: 146 | AB20: 173 | AC20: 142 | AD20: 186 | AE20: 176 | AF20: 226 | AG20: 212 | AH20: 209 | AI20: 185 | AJ20: 224 | AK20: 225 | AL20: 249 | AM20: 262 | AN20: 261 | AO20: 249 | AP20: 295 | AQ20: 279 | AR20: 261 | AS20: 258 | AT20: 284 | AU20: 308 | AV20: 286 | AW20: 303 | AX20: 305 | AY20: 307 | AZ20: 345 | BA20: 306 | BB20: 364 | BC20: 332 | BD20: 321 | BE20: 324 | BF20: 344 | BG20: 387 | BH20: 371 | BI20: 380 | BJ20: 400 | BK20: 417 | BL20: 413 | BM20: 448 | BN20: 428 | BO20: 450 | BP20: 472 | BQ20: 469
A21: King | B21: King County | C21: . | D21: 8585 | E21: 8906 | F21: 8967 | G21: 9249 | H21: 8798 | I21: 9309 | J21: 9563 | K21: 10018 | L21: 10154 | M21: 9766 | N21: 9608 | O21: 9748 | P21: 9723 | Q21: 9379 | R21: 9599 | S21: 9362 | T21: 9006 | U21: 9325 | V21: 9238 | W21: 9658 | X21: 9667 | Y21: 9497 | Z21: 9831 | AA21: 10017 | AB21: 10125 | AC21: 10186 | AD21: 10327 | AE21: 10423 | AF21: 10395 | AG21: 10696 | AH21: 10661 | AI21: 10615 | AJ21: 11341 | AK21: 11236 | AL21: 11280 | AM21: 11265 | AN21: 11887 | AO21: 11332 | AP21: 11586 | AQ21: 11883 | AR21: 11546 | AS21: 11527 | AT21: 11394 | AU21: 11632 | AV21: 11361 | AW21: 11337 | AX21: 11506 | AY21: 11960 | AZ21: 11647 | BA21: 11426 | BB21: 11924 | BC21: 11953 | BD21: 12517 | BE21: 12339 | BF21: 12733 | BG21: 12829 | BH21: 13405 | BI21: 13014 | BJ21: 13314 | BK21: 13546 | BL21: 14522 | BM21: 15392 | BN21: 15566 | BO21: 15323 | BP21: 15079 | BQ21: 14704
A22: Kitsap | B22: Kitsap County | D22: 717 | E22: 828 | F22: 815 | G22: 827 | H22: 784 | I22: 847 | J22: 891 | K22: 935 | L22: 973 | M22: 879 | N22: 860 | O22: 935 | P22: 939 | Q22: 912 | R22: 954 | S22: 972 | T22: 943 | U22: 955 | V22: 983 | W22: 995 | X22: 1052 | Y22: 1104 | Z22: 1081 | AA22: 1159 | AB22: 1106 | AC22: 1086 | AD22: 1081 | AE22: 1234 | AF22: 1231 | AG22: 1307 | AH22: 1316 | AI22: 1401 | AJ22: 1366 | AK22: 1332 | AL22: 1420 | AM22: 1503 | AN22: 1593 | AO22: 1567 | AP22: 1661 | AQ22: 1671 | AR22: 1727 | AS22: 1851 | AT22: 1756 | AU22: 1819 | AV22: 1772 | AW22: 1759 | AX22: 1757 | AY22: 1937 | AZ22: 1889 | BA22: 1979 | BB22: 1990 | BC22: 1924 | BD22: 2025 | BE22: 2006 | BF22: 2152 | BG22: 2177 | BH22: 2245 | BI22: 2231 | BJ22: 2214 | BK22: 2335 | BL22: 2434 | BM22: 2761 | BN22: 2495 | BO22: 2551 | BP22: 2680 | BQ22: 2466
A23: Kittitas | B23: Kittitas County | C23: . | D23: 201 | E23: 231 | F23: 198 | G23: 214 | H23: 214 | I23: 234 | J23: 203 | K23: 231 | L23: 182 | M23: 232 | N23: 177 | O23: 218 | P23: 195 | Q23: 186 | R23: 196 | S23: 186 | T23: 199 | U23: 207 | V23: 215 | W23: 200 | X23: 236 | Y23: 189 | Z23: 164 | AA23: 229 | AB23: 227 | AC23: 234 | AD23: 211 | AE23: 208 | AF23: 185 | AG23: 206 | AH23: 204 | AI23: 214 | AJ23: 220 | AK23: 228 | AL23: 214 | AM23: 247 | AN23: 248 | AO23: 228 | AP23: 275 | AQ23: 227 | AR23: 244 | AS23: 267 | AT23: 246 | AU23: 251 | AV23: 235 | AW23: 251 | AX23: 248 | AY23: 245 | AZ23: 283 | BA23: 256 | BB23: 288 | BC23: 262 | BD23: 289 | BE23: 281 | BF23: 275 | BG23: 314 | BH23: 322 | BI23: 299 | BJ23: 328 | BK23: 349 | BL23: 357 | BM23: 392 | BN23: 398 | BO23: 400 | BP23: 389 | BQ23: 397
A24: Klickitat | B24: Klickitat County | C24: . | D24: 104 | E24: 126 | F24: 126 | G24: 123 | H24: 123 | I24: 111 | J24: 133 | K24: 119 | L24: 124 | M24: 124 | N24: 130 | O24: 129 | P24: 125 | Q24: 132 | R24: 130 | S24: 131 | T24: 122 | U24: 130 | V24: 117 | W24: 134 | X24: 132 | Y24: 145 | Z24: 163 | AA24: 124 | AB24: 120 | AC24: 144 | AD24: 133 | AE24: 155 | AF24: 142 | AG24: 175 | AH24: 141 | AI24: 148 | AJ24: 161 | AK24: 159 | AL24: 171 | AM24: 150 | AN24: 166 | AO24: 131 | AP24: 140 | AQ24: 189 | AR24: 165 | AS24: 172 | AT24: 165 | AU24: 157 | AV24: 177 | AW24: 160 | AX24: 165 | AY24: 180 | AZ24: 156 | BA24: 171 | BB24: 161 | BC24: 206 | BD24: 159 | BE24: 170 | BF24: 178 | BG24: 148 | BH24: 218 | BI24: 202 | BJ24: 215 | BK24: 210 | BL24: 238 | BM24: 282 | BN24: 246 | BO24: 250 | BP24: 265 | BQ24: 216
A25: Lewis | B25: Lewis County | C25: . | D25: 461 | E25: 512 | F25: 519 | G25: 550 | H25: 549 | I25: 507 | J25: 489 | K25: 573 | L25: 545 | M25: 541 | N25: 535 | O25: 551 | P25: 540 | Q25: 539 | R25: 530 | S25: 526 | T25: 509 | U25: 565 | V25: 517 | W25: 516 | X25: 508 | Y25: 517 | Z25: 541 | AA25: 547 | AB25: 572 | AC25: 593 | AD25: 548 | AE25: 551 | AF25: 613 | AG25: 667 | AH25: 600 | AI25: 614 | AJ25: 644 | AK25: 668 | AL25: 662 | AM25: 736 | AN25: 702 | AO25: 731 | AP25: 727 | AQ25: 753 | AR25: 749 | AS25: 770 | AT25: 717 | AU25: 828 | AV25: 803 | AW25: 752 | AX25: 704 | AY25: 744 | AZ25: 688 | BA25: 805 | BB25: 824 | BC25: 825 | BD25: 839 | BE25: 798 | BF25: 821 | BG25: 885 | BH25: 904 | BI25: 933 | BJ25: 950 | BK25: 927 | BL25: 1041 | BM25: 1184 | BN25: 1108 | BO25: 1065 | BP25: 1038 | BQ25: 1080
A26: Lincoln | B26: Lincoln County | C26: . | D26: 98 | E26: 92 | F26: 106 | G26: 105 | H26: 88 | I26: 103 | J26: 110 | K26: 96 | L26: 122 | M26: 117 | N26: 115 | O26: 98 | P26: 112 | Q26: 115 | R26: 110 | S26: 109 | T26: 107 | U26: 110 | V26: 114 | W26: 84 | X26: 109 | Y26: 105 | Z26: 107 | AA26: 106 | AB26: 112 | AC26: 97 | AD26: 116 | AE26: 113 | AF26: 130 | AG26: 97 | AH26: 95 | AI26: 97 | AJ26: 109 | AK26: 97 | AL26: 108 | AM26: 111 | AN26: 112 | AO26: 110 | AP26: 121 | AQ26: 120 | AR26: 121 | AS26: 110 | AT26: 99 | AU26: 100 | AV26: 115 | AW26: 127 | AX26: 105 | AY26: 111 | AZ26: 134 | BA26: 116 | BB26: 125 | BC26: 117 | BD26: 107 | BE26: 117 | BF26: 91 | BG26: 105 | BH26: 125 | BI26: 121 | BJ26: 116 | BK26: 117 | BL26: 128 | BM26: 145 | BN26: 147 | BO26: 163 | BP26: 124 | BQ26: 116
A27: Mason | B27: Mason County | D27: 143 | E27: 177 | F27: 160 | G27: 160 | H27: 163 | I27: 159 | J27: 160 | K27: 176 | L27: 194 | M27: 207 | N27: 212 | O27: 238 | P27: 182 | Q27: 199 | R27: 212 | S27: 229 | T27: 239 | U27: 228 | V27: 215 | W27: 223 | X27: 243 | Y27: 273 | Z27: 296 | AA27: 289 | AB27: 297 | AC27: 323 | AD27: 337 | AE27: 328 | AF27: 345 | AG27: 336 | AH27: 332 | AI27: 417 | AJ27: 407 | AK27: 414 | AL27: 435 | AM27: 519 | AN27: 499 | AO27: 434 | AP27: 532 | AQ27: 497 | AR27: 513 | AS27: 528 | AT27: 460 | AU27: 531 | AV27: 557 | AW27: 585 | AX27: 592 | AY27: 600 | AZ27: 572 | BA27: 552 | BB27: 615 | BC27: 634 | BD27: 600 | BE27: 631 | BF27: 648 | BG27: 680 | BH27: 663 | BI27: 705 | BJ27: 695 | BK27: 725 | BL27: 754 | BM27: 901 | BN27: 814 | BO27: 867 | BP27: 803 | BQ27: 828
A28: Okanogan | B28: Okanogan County | C28: . | D28: 246 | E28: 241 | F28: 276 | G28: 285 | H28: 256 | I28: 287 | J28: 245 | K28: 249 | L28: 277 | M28: 289 | N28: 284 | O28: 280 | P28: 263 | Q28: 293 | R28: 279 | S28: 256 | T28: 270 | U28: 288 | V28: 275 | W28: 295 | X28: 268 | Y28: 306 | Z28: 291 | AA28: 324 | AB28: 311 | AC28: 328 | AD28: 311 | AE28: 314 | AF28: 373 | AG28: 318 | AH28: 301 | AI28: 312 | AJ28: 329 | AK28: 340 | AL28: 320 | AM28: 325 | AN28: 363 | AO28: 366 | AP28: 385 | AQ28: 359 | AR28: 341 | AS28: 370 | AT28: 409 | AU28: 365 | AV28: 378 | AW28: 352 | AX28: 368 | AY28: 374 | AZ28: 400 | BA28: 400 | BB28: 407 | BC28: 427 | BD28: 398 | BE28: 413 | BF28: 406 | BG28: 481 | BH28: 428 | BI28: 459 | BJ28: 442 | BK28: 463 | BL28: 492 | BM28: 608 | BN28: 521 | BO28: 519 | BP28: 508 | BQ28: 485
A29: Pacific | B29: Pacific County | C29: . | D29: 163 | E29: 151 | F29: 174 | G29: 166 | H29: 182 | I29: 204 | J29: 215 | K29: 211 | L29: 212 | M29: 201 | N29: 225 | O29: 215 | P29: 199 | Q29: 202 | R29: 205 | S29: 206 | T29: 208 | U29: 224 | V29: 224 | W29: 192 | X29: 215 | Y29: 245 | Z29: 205 | AA29: 233 | AB29: 214 | AC29: 229 | AD29: 251 | AE29: 262 | AF29: 244 | AG29: 266 | AH29: 263 | AI29: 267 | AJ29: 239 | AK29: 283 | AL29: 215 | AM29: 272 | AN29: 319 | AO29: 263 | AP29: 264 | AQ29: 279 | AR29: 312 | AS29: 324 | AT29: 288 | AU29: 295 | AV29: 287 | AW29: 281 | AX29: 284 | AY29: 320 | AZ29: 287 | BA29: 303 | BB29: 299 | BC29: 287 | BD29: 290 | BE29: 315 | BF29: 294 | BG29: 330 | BH29: 289 | BI29: 352 | BJ29: 337 | BK29: 333 | BL29: 328 | BM29: 440 | BN29: 376 | BO29: 400 | BP29: 392 | BQ29: 383
A30: Pend Oreille | B30: Pend Oreille County | C30: . | D30: 76 | E30: 77 | F30: 74 | G30: 76 | H30: 62 | I30: 72 | J30: 92 | K30: 84 | L30: 76 | M30: 62 | N30: 88 | O30: 61 | P30: 61 | Q30: 82 | R30: 72 | S30: 75 | T30: 73 | U30: 81 | V30: 71 | W30: 80 | X30: 74 | Y30: 72 | Z30: 98 | AA30: 91 | AB30: 89 | AC30: 75 | AD30: 102 | AE30: 98 | AF30: 86 | AG30: 85 | AH30: 77 | AI30: 82 | AJ30: 103 | AK30: 102 | AL30: 94 | AM30: 107 | AN30: 93 | AO30: 122 | AP30: 119 | AQ30: 95 | AR30: 115 | AS30: 114 | AT30: 122 | AU30: 144 | AV30: 133 | AW30: 113 | AX30: 138 | AY30: 147 | AZ30: 152 | BA30: 131 | BB30: 156 | BC30: 133 | BD30: 157 | BE30: 126 | BF30: 144 | BG30: 155 | BH30: 149 | BI30: 168 | BJ30: 171 | BK30: 162 | BL30: 188 | BM30: 240 | BN30: 233 | BO30: 189 | BP30: 164 | BQ30: 184
A31: Pierce | B31: Pierce County | C31: . | D31: 2905 | E31: 2994 | F31: 2962 | G31: 3183 | H31: 3092 | I31: 2935 | J31: 3165 | K31: 3307 | L31: 3427 | M31: 3320 | N31: 3360 | O31: 3327 | P31: 3433 | Q31: 3423 | R31: 3395 | S31: 3388 | T31: 3277 | U31: 3438 | V31: 3380 | W31: 3589 | X31: 3606 | Y31: 3668 | Z31: 3684 | AA31: 3749 | AB31: 3918 | AC31: 3846 | AD31: 3940 | AE31: 4232 | AF31: 4143 | AG31: 4227 | AH31: 4283 | AI31: 4268 | AJ31: 4613 | AK31: 4598 | AL31: 4681 | AM31: 4905 | AN31: 4898 | AO31: 4795 | AP31: 5064 | AQ31: 5093 | AR31: 5251 | AS31: 5441 | AT31: 5388 | AU31: 5476 | AV31: 5371 | AW31: 5377 | AX31: 5510 | AY31: 5701 | AZ31: 5804 | BA31: 5697 | BB31: 5649 | BC31: 5687 | BD31: 5837 | BE31: 5947 | BF31: 6273 | BG31: 6530 | BH31: 6848 | BI31: 6872 | BJ31: 6933 | BK31: 6964 | BL31: 7619 | BM31: 8567 | BN31: 8189 | BO31: 7961 | BP31: 8019 | BQ31: 8022
A32: San Juan | B32: San Juan County | D32: 50 | E32: 50 | F32: 38 | G32: 51 | H32: 56 | I32: 43 | J32: 43 | K32: 40 | L32: 40 | M32: 50 | N32: 53 | O32: 49 | P32: 56 | Q32: 52 | R32: 47 | S32: 59 | T32: 45 | U32: 50 | V32: 56 | W32: 69 | X32: 80 | Y32: 64 | Z32: 69 | AA32: 74 | AB32: 92 | AC32: 79 | AD32: 60 | AE32: 92 | AF32: 84 | AG32: 79 | AH32: 83 | AI32: 97 | AJ32: 92 | AK32: 111 | AL32: 96 | AM32: 98 | AN32: 88 | AO32: 104 | AP32: 98 | AQ32: 109 | AR32: 115 | AS32: 130 | AT32: 120 | AU32: 113 | AV32: 106 | AW32: 109 | AX32: 120 | AY32: 134 | AZ32: 116 | BA32: 129 | BB32: 104 | BC32: 131 | BD32: 155 | BE32: 134 | BF32: 149 | BG32: 158 | BH32: 156 | BI32: 126 | BJ32: 137 | BK32: 150 | BL32: 149 | BM32: 161 | BN32: 141 | BO32: 156 | BP32: 187 | BQ32: 188
A33: Skagit | B33: Skagit County | C33: . | D33: 467 | E33: 538 | F33: 500 | G33: 507 | H33: 470 | I33: 487 | J33: 530 | K33: 550 | L33: 540 | M33: 559 | N33: 536 | O33: 573 | P33: 591 | Q33: 566 | R33: 581 | S33: 574 | T33: 537 | U33: 590 | V33: 568 | W33: 670 | X33: 629 | Y33: 615 | Z33: 625 | AA33: 661 | AB33: 654 | AC33: 678 | AD33: 681 | AE33: 697 | AF33: 737 | AG33: 706 | AH33: 763 | AI33: 733 | AJ33: 825 | AK33: 812 | AL33: 763 | AM33: 799 | AN33: 860 | AO33: 872 | AP33: 920 | AQ33: 931 | AR33: 939 | AS33: 965 | AT33: 996 | AU33: 1068 | AV33: 958 | AW33: 1034 | AX33: 983 | AY33: 1011 | AZ33: 1176 | BA33: 1064 | BB33: 1095 | BC33: 1102 | BD33: 1094 | BE33: 1086 | BF33: 1154 | BG33: 1176 | BH33: 1255 | BI33: 1234 | BJ33: 1269 | BK33: 1244 | BL33: 1391 | BM33: 1550 | BN33: 1441 | BO33: 1484 | BP33: 1430 | BQ33: 1536
A34: Skamania | B34: Skamania County | C34: . | D34: 49 | E34: 33 | F34: 44 | G34: 56 | H34: 38 | I34: 48 | J34: 50 | K34: 49 | L34: 52 | M34: 45 | N34: 49 | O34: 46 | P34: 37 | Q34: 40 | R34: 42 | S34: 50 | T34: 34 | U34: 52 | V34: 38 | W34: 59 | X34: 29 | Y34: 40 | Z34: 34 | AA34: 39 | AB34: 53 | AC34: 43 | AD34: 58 | AE34: 50 | AF34: 51 | AG34: 63 | AH34: 54 | AI34: 48 | AJ34: 66 | AK34: 67 | AL34: 61 | AM34: 63 | AN34: 66 | AO34: 75 | AP34: 60 | AQ34: 78 | AR34: 77 | AS34: 66 | AT34: 57 | AU34: 65 | AV34: 88 | AW34: 73 | AX34: 78 | AY34: 67 | AZ34: 70 | BA34: 95 | BB34: 80 | BC34: 83 | BD34: 87 | BE34: 79 | BF34: 79 | BG34: 88 | BH34: 105 | BI34: 78 | BJ34: 92 | BK34: 98 | BL34: 107 | BM34: 112 | BN34: 108 | BO34: 124 | BP34: 138 | BQ34: 95
A35: Snohomish | B35: Snohomish County | C35: . | D35: 1522 | E35: 1567 | F35: 1699 | G35: 1680 | H35: 1665 | I35: 1697 | J35: 1832 | K35: 1913 | L35: 1948 | M35: 1914 | N35: 1848 | O35: 1956 | P35: 1919 | Q35: 1973 | R35: 1965 | S35: 1997 | T35: 1962 | U35: 2097 | V35: 2117 | W35: 2165 | X35: 2148 | Y35: 2286 | Z35: 2303 | AA35: 2403 | AB35: 2508 | AC35: 2531 | AD35: 2575 | AE35: 2742 | AF35: 2831 | AG35: 2780 | AH35: 2832 | AI35: 2889 | AJ35: 3163 | AK35: 3209 | AL35: 3202 | AM35: 3229 | AN35: 3523 | AO35: 3500 | AP35: 3666 | AQ35: 3824 | AR35: 3798 | AS35: 3990 | AT35: 4025 | AU35: 4205 | AV35: 4216 | AW35: 4136 | AX35: 4203 | AY35: 4413 | AZ35: 4309 | BA35: 4436 | BB35: 4513 | BC35: 4653 | BD35: 4832 | BE35: 4918 | BF35: 4980 | BG35: 5279 | BH35: 5553 | BI35: 5456 | BJ35: 5570 | BK35: 5771 | BL35: 6304 | BM35: 6645 | BN35: 6532 | BO35: 6301 | BP35: 6366 | BQ35: 6556
A36: Spokane | B36: Spokane County | C36: . | D36: 2602 | E36: 2789 | F36: 2793 | G36: 2824 | H36: 2786 | I36: 2892 | J36: 2796 | K36: 2950 | L36: 3034 | M36: 2962 | N36: 2914 | O36: 3036 | P36: 3031 | Q36: 2901 | R36: 2833 | S36: 2862 | T36: 2813 | U36: 2736 | V36: 2744 | W36: 2726 | X36: 2941 | Y36: 2863 | Z36: 2842 | AA36: 2990 | AB36: 3106 | AC36: 3003 | AD36: 3134 | AE36: 3168 | AF36: 3060 | AG36: 2983 | AH36: 3115 | AI36: 3133 | AJ36: 3348 | AK36: 3371 | AL36: 3218 | AM36: 3531 | AN36: 3429 | AO36: 3466 | AP36: 3506 | AQ36: 3631 | AR36: 3637 | AS36: 3723 | AT36: 3598 | AU36: 3726 | AV36: 3771 | AW36: 3566 | AX36: 3721 | AY36: 3869 | AZ36: 4079 | BA36: 3922 | BB36: 3966 | BC36: 4039 | BD36: 4249 | BE36: 4139 | BF36: 4332 | BG36: 4538 | BH36: 4550 | BI36: 4714 | BJ36: 4719 | BK36: 4743 | BL36: 5433 | BM36: 5928 | BN36: 5486 | BO36: 5430 | BP36: 5557 | BQ36: 5442
A37: Stevens | B37: Stevens County | D37: 193 | E37: 197 | F37: 163 | G37: 191 | H37: 196 | I37: 194 | J37: 164 | K37: 194 | L37: 178 | M37: 172 | N37: 181 | O37: 203 | P37: 199 | Q37: 181 | R37: 189 | S37: 203 | T37: 176 | U37: 202 | V37: 195 | W37: 207 | X37: 189 | Y37: 248 | Z37: 250 | AA37: 247 | AB37: 246 | AC37: 216 | AD37: 233 | AE37: 251 | AF37: 260 | AG37: 270 | AH37: 271 | AI37: 268 | AJ37: 259 | AK37: 263 | AL37: 323 | AM37: 306 | AN37: 303 | AO37: 311 | AP37: 299 | AQ37: 347 | AR37: 366 | AS37: 353 | AT37: 390 | AU37: 400 | AV37: 399 | AW37: 388 | AX37: 404 | AY37: 387 | AZ37: 408 | BA37: 410 | BB37: 406 | BC37: 417 | BD37: 420 | BE37: 410 | BF37: 449 | BG37: 500 | BH37: 468 | BI37: 459 | BJ37: 461 | BK37: 466 | BL37: 525 | BM37: 668 | BN37: 592 | BO37: 560 | BP37: 562 | BQ37: 504
A38: Thurston | B38: Thurston County | C38: . | D38: 462 | E38: 514 | F38: 544 | G38: 538 | H38: 538 | I38: 555 | J38: 626 | K38: 639 | L38: 658 | M38: 655 | N38: 647 | O38: 671 | P38: 661 | Q38: 736 | R38: 721 | S38: 749 | T38: 713 | U38: 820 | V38: 875 | W38: 924 | X38: 888 | Y38: 924 | Z38: 995 | AA38: 986 | AB38: 953 | AC38: 950 | AD38: 1080 | AE38: 1118 | AF38: 1131 | AG38: 1090 | AH38: 1154 | AI38: 1174 | AJ38: 1262 | AK38: 1264 | AL38: 1356 | AM38: 1384 | AN38: 1489 | AO38: 1404 | AP38: 1608 | AQ38: 1496 | AR38: 1554 | AS38: 1641 | AT38: 1633 | AU38: 1704 | AV38: 1638 | AW38: 1730 | AX38: 1833 | AY38: 1887 | AZ38: 1813 | BA38: 1816 | BB38: 1872 | BC38: 1955 | BD38: 2011 | BE38: 1957 | BF38: 2111 | BG38: 2205 | BH38: 2228 | BI38: 2319 | BJ38: 2417 | BK38: 2408 | BL38: 2547 | BM38: 3094 | BN38: 2973 | BO38: 2759 | BP38: 2804 | BQ38: 2811
A39: Wahkiakum | B39: Wahkiakum County | C39: . | D39: 38 | E39: 34 | F39: 48 | G39: 52 | H39: 32 | I39: 34 | J39: 52 | K39: 55 | L39: 39 | M39: 44 | N39: 53 | O39: 31 | P39: 43 | Q39: 37 | R39: 44 | S39: 21 | T39: 27 | U39: 28 | V39: 36 | W39: 27 | X39: 45 | Y39: 35 | Z39: 27 | AA39: 37 | AB39: 44 | AC39: 43 | AD39: 28 | AE39: 33 | AF39: 34 | AG39: 35 | AH39: 39 | AI39: 45 | AJ39: 37 | AK39: 45 | AL39: 34 | AM39: 46 | AN39: 48 | AO39: 50 | AP39: 52 | AQ39: 43 | AR39: 49 | AS39: 47 | AT39: 59 | AU39: 54 | AV39: 46 | AW39: 40 | AX39: 44 | AY39: 52 | AZ39: 56 | BA39: 41 | BB39: 47 | BC39: 50 | BD39: 50 | BE39: 51 | BF39: 51 | BG39: 46 | BH39: 43 | BI39: 44 | BJ39: 55 | BK39: 61 | BL39: 50 | BM39: 63 | BN39: 71 | BO39: 65 | BP39: 77 | BQ39: 54
A40: Walla Walla | B40: Walla Walla County | C40: . | D40: 416 | E40: 431 | F40: 439 | G40: 430 | H40: 431 | I40: 472 | J40: 445 | K40: 455 | L40: 466 | M40: 460 | N40: 461 | O40: 469 | P40: 468 | Q40: 466 | R40: 491 | S40: 470 | T40: 445 | U40: 455 | V40: 440 | W40: 447 | X40: 452 | Y40: 425 | Z40: 428 | AA40: 492 | AB40: 512 | AC40: 483 | AD40: 463 | AE40: 544 | AF40: 492 | AG40: 479 | AH40: 459 | AI40: 492 | AJ40: 525 | AK40: 501 | AL40: 496 | AM40: 523 | AN40: 513 | AO40: 523 | AP40: 508 | AQ40: 533 | AR40: 528 | AS40: 515 | AT40: 550 | AU40: 506 | AV40: 526 | AW40: 546 | AX40: 549 | AY40: 577 | AZ40: 558 | BA40: 580 | BB40: 521 | BC40: 505 | BD40: 560 | BE40: 548 | BF40: 590 | BG40: 600 | BH40: 605 | BI40: 631 | BJ40: 550 | BK40: 562 | BL40: 662 | BM40: 733 | BN40: 725 | BO40: 677 | BP40: 665 | BQ40: 647
A41: Whatcom | B41: Whatcom County | C41: . | D41: 720 | E41: 781 | F41: 749 | G41: 731 | H41: 801 | I41: 791 | J41: 779 | K41: 772 | L41: 830 | M41: 816 | N41: 799 | O41: 801 | P41: 821 | Q41: 771 | R41: 810 | S41: 806 | T41: 733 | U41: 788 | V41: 709 | W41: 798 | X41: 780 | Y41: 798 | Z41: 895 | AA41: 804 | AB41: 819 | AC41: 907 | AD41: 822 | AE41: 946 | AF41: 889 | AG41: 927 | AH41: 977 | AI41: 1042 | AJ41: 1021 | AK41: 1030 | AL41: 1114 | AM41: 1133 | AN41: 1134 | AO41: 1128 | AP41: 1209 | AQ41: 1145 | AR41: 1227 | AS41: 1227 | AT41: 1304 | AU41: 1327 | AV41: 1362 | AW41: 1287 | AX41: 1329 | AY41: 1422 | AZ41: 1413 | BA41: 1399 | BB41: 1445 | BC41: 1418 | BD41: 1593 | BE41: 1564 | BF41: 1515 | BG41: 1657 | BH41: 1733 | BI41: 1627 | BJ41: 1735 | BK41: 1836 | BL41: 1924 | BM41: 2136 | BN41: 2093 | BO41: 2003 | BP41: 2162 | BQ41: 2136
A42: Whitman | B42: Whitman County | D42: 233 | E42: 250 | F42: 265 | G42: 237 | H42: 232 | I42: 258 | J42: 232 | K42: 226 | L42: 248 | M42: 229 | N42: 249 | O42: 266 | P42: 241 | Q42: 245 | R42: 253 | S42: 257 | T42: 182 | U42: 203 | V42: 216 | W42: 233 | X42: 205 | Y42: 216 | Z42: 251 | AA42: 248 | AB42: 180 | AC42: 232 | AD42: 219 | AE42: 227 | AF42: 214 | AG42: 205 | AH42: 189 | AI42: 200 | AJ42: 211 | AK42: 240 | AL42: 234 | AM42: 230 | AN42: 229 | AO42: 213 | AP42: 216 | AQ42: 226 | AR42: 236 | AS42: 220 | AT42: 210 | AU42: 220 | AV42: 204 | AW42: 220 | AX42: 223 | AY42: 217 | AZ42: 239 | BA42: 226 | BB42: 246 | BC42: 234 | BD42: 261 | BE42: 252 | BF42: 281 | BG42: 280 | BH42: 268 | BI42: 292 | BJ42: 264 | BK42: 268 | BL42: 332 | BM42: 383 | BN42: 312 | BO42: 326 | BP42: 320 | BQ42: 328
A43: Yakima | B43: Yakima County | C43: . | D43: 1309 | E43: 1348 | F43: 1405 | G43: 1452 | H43: 1340 | I43: 1363 | J43: 1384 | K43: 1483 | L43: 1484 | M43: 1501 | N43: 1442 | O43: 1543 | P43: 1464 | Q43: 1509 | R43: 1555 | S43: 1513 | T43: 1379 | U43: 1393 | V43: 1538 | W43: 1449 | X43: 1576 | Y43: 1553 | Z43: 1532 | AA43: 1492 | AB43: 1578 | AC43: 1568 | AD43: 1531 | AE43: 1675 | AF43: 1653 | AG43: 1664 | AH43: 1587 | AI43: 1586 | AJ43: 1682 | AK43: 1715 | AL43: 1659 | AM43: 1699 | AN43: 1770 | AO43: 1681 | AP43: 1710 | AQ43: 1725 | AR43: 1693 | AS43: 1782 | AT43: 1727 | AU43: 1792 | AV43: 1756 | AW43: 1803 | AX43: 1724 | AY43: 1796 | AZ43: 1835 | BA43: 1852 | BB43: 1828 | BC43: 1800 | BD43: 1868 | BE43: 1832 | BF43: 1877 | BG43: 1991 | BH43: 2039 | BI43: 2102 | BJ43: 2016 | BK43: 2125 | BL43: 2518 | BM43: 2667 | BN43: 2378 | BO43: 2274 | BP43: 2289 | BQ43: 2206
A44: State | B44: State Total | C44: . | D44: 25757 | E44: 27078 | F44: 27201 | G44: 28110 | H44: 27279 | I44: 28126 | J44: 28791 | K44: 30066 | L44: 30594 | M44: 29966 | N44: 29755 | O44: 30431 | P44: 30374 | Q44: 29927 | R44: 30340 | S44: 30173 | T44: 29139 | U44: 30433 | V44: 30164 | W44: 31326 | X44: 31841 | Y44: 31738 | Z44: 32558 | AA44: 33260 | AB44: 34047 | AC44: 34005 | AD44: 34364 | AE44: 36004 | AF44: 36053 | AG44: 36333 | AH44: 36709 | AI44: 37240 | AJ44: 39382 | AK44: 39611 | AL44: 39957 | AM44: 41152 | AN44: 42632 | AO44: 41564 | AP44: 43145 | AQ44: 43743 | AR44: 43923 | AS44: 44900 | AT44: 44731 | AU44: 46025 | AV44: 45609 | AW44: 45282 | AX44: 46161 | AY44: 47947 | AZ44: 48116 | BA44: 47672 | BB44: 48786 | BC44: 49231 | BD44: 51109 | BE44: 50711 | BF44: 52848 | BG44: 54661 | BH44: 56075 | BI44: 56372 | BJ44: 57205 | BK44: 58520 | BL44: 63978 | BM44: 70701 | BN44: 67930 | BO44: 66023 | BP44: 66622 | BQ44: 65797

Sheet Natural Change
A1: Population and Components of Change, Natural Change, 1960 to Present
A2: Office of Financial Management, Forecasting and Research Division
A4: County | B4: Jurisdiction | C4: Spacer | D4: Natural Change 1960-1961 | E4: Natural Change 1961-1962 | F4: Natural Change 1962-1963 | G4: Natural Change 1963-1964 | H4: Natural Change 1964-1965 | I4: Natural Change 1965-1966 | J4: Natural Change 1966-1967 | K4: Natural Change 1967-1968 | L4: Natural Change 1968-1969 | M4: Natural Change 1969-1970 | N4: Natural Change 1970-1971 | O4: Natural Change 1971-1972 | P4: Natural Change 1972-1973 | Q4: Natural Change 1973-1974 | R4: Natural Change 1974-1975 | S4: Natural Change 1975-1976 | T4: Natural Change 1976-1977 | U4: Natural Change 1977-1978 | V4: Natural Change 1978-1979 | W4: Natural Change 1979-1980 | X4: Natural Change 1980-1981 | Y4: Natural Change 1981-1982 | Z4: Natural Change 1982-1983 | AA4: Natural Change 1983-1984 | AB4: Natural Change 1984-1985 | AC4: Natural Change 1985-1986 | AD4: Natural Change 1986-1987 | AE4: Natural Change 1987-1988 | AF4: Natural Change 1988-1989 | AG4: Natural Change 1989-1990 | AH4: Natural Change 1990-1991 | AI4: Natural Change 1991-1992 | AJ4: Natural Change 1992-1993 | AK4: Natural Change 1993-1994 | AL4: Natural Change 1994-1995 | AM4: Natural Change 1995-1996 | AN4: Natural Change 1996-1997 | AO4: Natural Change 1997-1998 | AP4: Natural Change 1998-1999 | AQ4: Natural Change 1999-2000 | AR4: Natural Change 2000-2001 | AS4: Natural Change 2001-2002 | AT4: Natural Change 2002-2003 | AU4: Natural Change 2003-2004 | AV4: Natural Change 2004-2005 | AW4: Natural Change 2005-2006 | AX4: Natural Change 2006-2007 | AY4: Natural Change 2007-2008 | AZ4: Natural Change 2008-2009 | BA4: Natural Change 2009-2010 | BB4: Natural Change 2010-2011 | BC4: Natural Change 2011-2012 | BD4: Natural Change 2012-2013 | BE4: Natural Change 2013-2014 | BF4: Natural Change 2014-2015 | BG4: Natural Change 2015-2016 | BH4: Natural Change 2016-2017 | BI4: Natural Change 2017-2018 | BJ4: Natural Change 2018-2019 | BK4: Natural Change 2019-2020 | BL4: Natural Change 2020-2021 | BM4: Natural Change 2021-2022 | BN4: Natural Change 2022-2023 | BO4: Natural Change 2023-2024 | BP4: Natural Change 2024-2025 | BQ4: Natural Change 2025-2026
A5: Adams | B5: Adams County | C5: . | D5: 162 | E5: 173 | F5: 229 | G5: 142 | H5: 169 | I5: 105 | J5: 115 | K5: 133 | L5: 147 | M5: 147 | N5: 149 | O5: 180 | P5: 157 | Q5: 164 | R5: 172 | S5: 186 | T5: 206 | U5: 241 | V5: 241 | W5: 204 | X5: 222 | Y5: 230 | Z5: 186 | AA5: 216 | AB5: 209 | AC5: 171 | AD5: 147 | AE5: 165 | AF5: 157 | AG5: 145 | AH5: 169 | AI5: 200 | AJ5: 216 | AK5: 229 | AL5: 205 | AM5: 189 | AN5: 189 | AO5: 188 | AP5: 206 | AQ5: 237 | AR5: 219 | AS5: 205 | AT5: 250 | AU5: 214 | AV5: 301 | AW5: 314 | AX5: 293 | AY5: 307 | AZ5: 318 | BA5: 303 | BB5: 363 | BC5: 292 | BD5: 260 | BE5: 288 | BF5: 240 | BG5: 214 | BH5: 252 | BI5: 296 | BJ5: 273 | BK5: 246 | BL5: 197 | BM5: 195 | BN5: 186 | BO5: =Births!BO5-Deaths!BO5 -> 248 | BP5: =Births!BP5-Deaths!BP5 -> 243 | BQ5: =Births!BQ5-Deaths!BQ5 -> 226
A6: Asotin | B6: Asotin County | C6: . | D6: 145 | E6: 119 | F6: 117 | G6: 81 | H6: 51 | I6: 60 | J6: 60 | K6: 64 | L6: 27 | M6: 55 | N6: 33 | O6: 66 | P6: 28 | Q6: 66 | R6: 53 | S6: 51 | T6: 52 | U6: 46 | V6: 79 | W6: 88 | X6: 92 | Y6: 136 | Z6: 74 | AA6: 93 | AB6: 108 | AC6: 66 | AD6: 84 | AE6: 59 | AF6: 74 | AG6: 95 | AH6: 45 | AI6: 59 | AJ6: 72 | AK6: 15 | AL6: 58 | AM6: 29 | AN6: 37 | AO6: 46 | AP6: 51 | AQ6: 33 | AR6: 45 | AS6: 37 | AT6: 38 | AU6: 85 | AV6: 35 | AW6: 46 | AX6: 28 | AY6: 40 | AZ6: 0 | BA6: -2 | BB6: 46 | BC6: -7 | BD6: -16 | BE6: 15 | BF6: 1 | BG6: -41 | BH6: -29 | BI6: -33 | BJ6: -40 | BK6: -32 | BL6: -101 | BM6: -78 | BN6: -120 | BO6: =Births!BO6-Deaths!BO6 -> -91 | BP6: =Births!BP6-Deaths!BP6 -> -161 | BQ6: =Births!BQ6-Deaths!BQ6 -> -83
A7: Benton | B7: Benton County | D7: 1250 | E7: 1178 | F7: 1022 | G7: 932 | H7: 942 | I7: 756 | J7: 679 | K7: 632 | L7: 581 | M7: 658 | N7: 612 | O7: 665 | P7: 550 | Q7: 458 | R7: 635 | S7: 686 | T7: 881 | U7: 969 | V7: 1293 | W7: 1428 | X7: 1502 | Y7: 1728 | Z7: 1559 | AA7: 1518 | AB7: 1302 | AC7: 1271 | AD7: 1250 | AE7: 1170 | AF7: 1085 | AG7: 1140 | AH7: 1163 | AI7: 1180 | AJ7: 1177 | AK7: 1229 | AL7: 1114 | AM7: 1204 | AN7: 1111 | AO7: 1179 | AP7: 1175 | AQ7: 1299 | AR7: 1105 | AS7: 1209 | AT7: 1155 | AU7: 1145 | AV7: 1140 | AW7: 1155 | AX7: 1316 | AY7: 1233 | AZ7: 1306 | BA7: 1251 | BB7: 1334 | BC7: 1328 | BD7: 1251 | BE7: 1288 | BF7: 1310 | BG7: 1226 | BH7: 1283 | BI7: 1047 | BJ7: 1178 | BK7: 972 | BL7: 656 | BM7: 642 | BN7: 495 | BO7: =Births!BO7-Deaths!BO7 -> 804 | BP7: =Births!BP7-Deaths!BP7 -> 868 | BQ7: =Births!BQ7-Deaths!BQ7 -> 781
A8: Chelan | B8: Chelan County | C8: . | D8: 416 | E8: 392 | F8: 292 | G8: 293 | H8: 262 | I8: 213 | J8: 176 | K8: 171 | L8: 172 | M8: 209 | N8: 175 | O8: 95 | P8: 34 | Q8: 60 | R8: 74 | S8: 123 | T8: 115 | U8: 227 | V8: 239 | W8: 236 | X8: 347 | Y8: 277 | Z8: 262 | AA8: 346 | AB8: 305 | AC8: 421 | AD8: 380 | AE8: 402 | AF8: 301 | AG8: 406 | AH8: 450 | AI8: 399 | AJ8: 406 | AK8: 481 | AL8: 412 | AM8: 361 | AN8: 438 | AO8: 417 | AP8: 471 | AQ8: 451 | AR8: 404 | AS8: 400 | AT8: 310 | AU8: 297 | AV8: 366 | AW8: 354 | AX8: 401 | AY8: 424 | AZ8: 428 | BA8: 419 | BB8: 379 | BC8: 266 | BD8: 229 | BE8: 225 | BF8: 247 | BG8: 239 | BH8: 274 | BI8: 155 | BJ8: 128 | BK8: 139 | BL8: 27 | BM8: -60 | BN8: -97 | BO8: =Births!BO8-Deaths!BO8 -> 19 | BP8: =Births!BP8-Deaths!BP8 -> 68 | BQ8: =Births!BQ8-Deaths!BQ8 -> 97
A9: Clallam | B9: Clallam County | C9: . | D9: 415 | E9: 456 | F9: 334 | G9: 259 | H9: 231 | I9: 181 | J9: 149 | K9: 175 | L9: 149 | M9: 202 | N9: 208 | O9: 208 | P9: 194 | Q9: 200 | R9: 202 | S9: 186 | T9: 245 | U9: 353 | V9: 311 | W9: 415 | X9: 388 | Y9: 286 | Z9: 301 | AA9: 270 | AB9: 277 | AC9: 208 | AD9: 204 | AE9: 154 | AF9: 141 | AG9: 121 | AH9: 165 | AI9: 58 | AJ9: -59 | AK9: -2 | AL9: -66 | AM9: -128 | AN9: -118 | AO9: -92 | AP9: -93 | AQ9: -191 | AR9: -98 | AS9: -179 | AT9: -250 | AU9: -219 | AV9: -235 | AW9: -198 | AX9: -217 | AY9: -282 | AZ9: -288 | BA9: -261 | BB9: -220 | BC9: -276 | BD9: -261 | BE9: -221 | BF9: -321 | BG9: -243 | BH9: -328 | BI9: -379 | BJ9: -470 | BK9: -534 | BL9: -479 | BM9: -740 | BN9: -738 | BO9: =Births!BO9-Deaths!BO9 -> -691 | BP9: =Births!BP9-Deaths!BP9 -> -708 | BQ9: =Births!BQ9-Deaths!BQ9 -> -648
A10: Clark | B10: Clark County | C10: . | D10: 1237 | E10: 1161 | F10: 1139 | G10: 1049 | H10: 917 | I10: 842 | J10: 929 | K10: 929 | L10: 1105 | M10: 1160 | N10: 1367 | O10: 1121 | P10: 995 | Q10: 1121 | R10: 1191 | S10: 1339 | T10: 1439 | U10: 1476 | V10: 1786 | W10: 1945 | X10: 2019 | Y10: 1991 | Z10: 1874 | AA10: 1626 | AB10: 1708 | AC10: 1872 | AD10: 1700 | AE10: 1822 | AF10: 1914 | AG10: 2237 | AH10: 2422 | AI10: 2297 | AJ10: 2185 | AK10: 2281 | AL10: 2389 | AM10: 2549 | AN10: 2718 | AO10: 2904 | AP10: 2946 | AQ10: 2920 | AR10: 3098 | AS10: 2886 | AT10: 2764 | AU10: 2924 | AV10: 2874 | AW10: 3086 | AX10: 3130 | AY10: 3221 | AZ10: 2970 | BA10: 2786 | BB10: 2448 | BC10: 2445 | BD10: 2338 | BE10: 2284 | BF10: 2229 | BG10: 2177 | BH10: 2239 | BI10: 2022 | BJ10: 1765 | BK10: 1766 | BL10: 1009 | BM10: 971 | BN10: 857 | BO10: =Births!BO10-Deaths!BO10 -> 1188 | BP10: =Births!BP10-Deaths!BP10 -> 1140 | BQ10: =Births!BQ10-Deaths!BQ10 -> 1275
A11: Columbia | B11: Columbia County | C11: . | D11: 25 | E11: 14 | F11: 26 | G11: 24 | H11: 12 | I11: 2 | J11: 5 | K11: 35 | L11: 5 | M11: -18 | N11: -30 | O11: -9 | P11: 7 | Q11: 2 | R11: -7 | S11: 5 | T11: 7 | U11: 4 | V11: 22 | W11: 15 | X11: -2 | Y11: 10 | Z11: 8 | AA11: 14 | AB11: -2 | AC11: -11 | AD11: 13 | AE11: 19 | AF11: -15 | AG11: -4 | AH11: 17 | AI11: -4 | AJ11: 9 | AK11: -4 | AL11: -20 | AM11: 2 | AN11: -2 | AO11: -6 | AP11: -7 | AQ11: -35 | AR11: -13 | AS11: -8 | AT11: -6 | AU11: -18 | AV11: -14 | AW11: -10 | AX11: -6 | AY11: -14 | AZ11: 1 | BA11: -10 | BB11: -26 | BC11: -20 | BD11: -3 | BE11: -15 | BF11: -29 | BG11: -16 | BH11: -23 | BI11: -26 | BJ11: -15 | BK11: -22 | BL11: -30 | BM11: -51 | BN11: -42 | BO11: =Births!BO11-Deaths!BO11 -> -74 | BP11: =Births!BP11-Deaths!BP11 -> -8 | BQ11: =Births!BQ11-Deaths!BQ11 -> -19
A12: Cowlitz | B12: Cowlitz County | D12: 862 | E12: 788 | F12: 778 | G12: 645 | H12: 683 | I12: 679 | J12: 646 | K12: 638 | L12: 662 | M12: 677 | N12: 877 | O12: 626 | P12: 445 | Q12: 481 | R12: 606 | S12: 586 | T12: 604 | U12: 572 | V12: 615 | W12: 796 | X12: 633 | Y12: 698 | Z12: 599 | AA12: 514 | AB12: 491 | AC12: 455 | AD12: 528 | AE12: 441 | AF12: 513 | AG12: 637 | AH12: 654 | AI12: 536 | AJ12: 447 | AK12: 415 | AL12: 405 | AM12: 361 | AN12: 351 | AO12: 265 | AP12: 389 | AQ12: 354 | AR12: 361 | AS12: 323 | AT12: 236 | AU12: 191 | AV12: 288 | AW12: 251 | AX12: 319 | AY12: 364 | AZ12: 328 | BA12: 278 | BB12: 253 | BC12: 192 | BD12: 95 | BE12: 51 | BF12: 38 | BG12: 159 | BH12: 104 | BI12: 20 | BJ12: 72 | BK12: 5 | BL12: -124 | BM12: -395 | BN12: -102 | BO12: =Births!BO12-Deaths!BO12 -> -97 | BP12: =Births!BP12-Deaths!BP12 -> -162 | BQ12: =Births!BQ12-Deaths!BQ12 -> -138
A13: Douglas | B13: Douglas County | C13: . | D13: 210 | E13: 221 | F13: 137 | G13: 123 | H13: 108 | I13: 95 | J13: 84 | K13: 81 | L13: 126 | M13: 115 | N13: 130 | O13: 119 | P13: 74 | Q13: 133 | R13: 103 | S13: 144 | T13: 163 | U13: 208 | V13: 220 | W13: 238 | X13: 235 | Y13: 243 | Z13: 218 | AA13: 202 | AB13: 186 | AC13: 220 | AD13: 189 | AE13: 157 | AF13: 165 | AG13: 190 | AH13: 256 | AI13: 242 | AJ13: 216 | AK13: 263 | AL13: 269 | AM13: 205 | AN13: 218 | AO13: 222 | AP13: 203 | AQ13: 234 | AR13: 204 | AS13: 207 | AT13: 181 | AU13: 176 | AV13: 175 | AW13: 277 | AX13: 278 | AY13: 293 | AZ13: 331 | BA13: 231 | BB13: 229 | BC13: 241 | BD13: 218 | BE13: 187 | BF13: 234 | BG13: 222 | BH13: 222 | BI13: 259 | BJ13: 164 | BK13: 168 | BL13: 126 | BM13: 118 | BN13: 114 | BO13: =Births!BO13-Deaths!BO13 -> 143 | BP13: =Births!BP13-Deaths!BP13 -> 179 | BQ13: =Births!BQ13-Deaths!BQ13 -> 126
A14: Ferry | B14: Ferry County | C14: . | D14: 43 | E14: 55 | F14: 41 | G14: 28 | H14: 39 | I14: 30 | J14: 17 | K14: 23 | L14: 41 | M14: 21 | N14: 34 | O14: 50 | P14: 30 | Q14: 41 | R14: 46 | S14: 42 | T14: 36 | U14: 37 | V14: 49 | W14: 82 | X14: 75 | Y14: 86 | Z14: 71 | AA14: 62 | AB14: 54 | AC14: 45 | AD14: 29 | AE14: 35 | AF14: 42 | AG14: 41 | AH14: 30 | AI14: 50 | AJ14: 36 | AK14: 8 | AL14: 25 | AM14: 26 | AN14: -2 | AO14: 14 | AP14: 18 | AQ14: 4 | AR14: 31 | AS14: 19 | AT14: 25 | AU14: 0 | AV14: -5 | AW14: -7 | AX14: -2 | AY14: -28 | AZ14: 3 | BA14: -6 | BB14: -25 | BC14: -11 | BD14: -14 | BE14: -16 | BF14: -7 | BG14: -16 | BH14: -2 | BI14: -19 | BJ14: -29 | BK14: -12 | BL14: -37 | BM14: -78 | BN14: -46 | BO14: =Births!BO14-Deaths!BO14 -> -59 | BP14: =Births!BP14-Deaths!BP14 -> -44 | BQ14: =Births!BQ14-Deaths!BQ14 -> -28
A15: Franklin | B15: Franklin County | C15: . | D15: 401 | E15: 351 | F15: 368 | G15: 387 | H15: 318 | I15: 293 | J15: 248 | K15: 253 | L15: 236 | M15: 321 | N15: 267 | O15: 282 | P15: 296 | Q15: 268 | R15: 360 | S15: 340 | T15: 511 | U15: 508 | V15: 618 | W15: 687 | X15: 709 | Y15: 673 | Z15: 690 | AA15: 651 | AB15: 536 | AC15: 527 | AD15: 487 | AE15: 489 | AF15: 511 | AG15: 531 | AH15: 681 | AI15: 702 | AJ15: 713 | AK15: 702 | AL15: 729 | AM15: 738 | AN15: 743 | AO15: 714 | AP15: 755 | AQ15: 801 | AR15: 779 | AS15: 884 | AT15: 931 | AU15: 1037 | AV15: 1096 | AW15: 1205 | AX15: 1222 | AY15: 1324 | AZ15: 1325 | BA15: 1300 | BB15: 1334 | BC15: 1372 | BD15: 1272 | BE15: 1268 | BF15: 1288 | BG15: 1285 | BH15: 1245 | BI15: 1172 | BJ15: 1061 | BK15: 1102 | BL15: 921 | BM15: 880 | BN15: 881 | BO15: =Births!BO15-Deaths!BO15 -> 937 | BP15: =Births!BP15-Deaths!BP15 -> 955 | BQ15: =Births!BQ15-Deaths!BQ15 -> 981
A16: Garfield | B16: Garfield County | C16: . | D16: 29 | E16: 41 | F16: 12 | G16: 29 | H16: 4 | I16: 0 | J16: 9 | K16: 25 | L16: 17 | M16: -1 | N16: 26 | O16: -6 | P16: -10 | Q16: 12 | R16: 25 | S16: 1 | T16: 18 | U16: 10 | V16: 20 | W16: 11 | X16: 15 | Y16: 21 | Z16: 8 | AA16: 7 | AB16: 2 | AC16: -1 | AD16: -2 | AE16: -8 | AF16: -10 | AG16: -13 | AH16: -6 | AI16: -1 | AJ16: -12 | AK16: -13 | AL16: -31 | AM16: -7 | AN16: -14 | AO16: -17 | AP16: -10 | AQ16: -2 | AR16: -6 | AS16: -15 | AT16: -5 | AU16: -9 | AV16: -13 | AW16: -12 | AX16: -10 | AY16: -6 | AZ16: -8 | BA16: -9 | BB16: -2 | BC16: -15 | BD16: -15 | BE16: -1 | BF16: 8 | BG16: 0 | BH16: 9 | BI16: -9 | BJ16: -8 | BK16: -2 | BL16: -12 | BM16: -8 | BN16: -1 | BO16: =Births!BO16-Deaths!BO16 -> -16 | BP16: =Births!BP16-Deaths!BP16 -> -6 | BQ16: =Births!BQ16-Deaths!BQ16 -> -20
A17: Grant | B17: Grant County | D17: 1172 | E17: 1345 | F17: 1215 | G17: 1024 | H17: 851 | I17: 633 | J17: 424 | K17: 420 | L17: 401 | M17: 412 | N17: 554 | O17: 424 | P17: 404 | Q17: 402 | R17: 405 | S17: 487 | T17: 588 | U17: 586 | V17: 564 | W17: 610 | X17: 617 | Y17: 573 | Z17: 572 | AA17: 590 | AB17: 576 | AC17: 633 | AD17: 532 | AE17: 550 | AF17: 450 | AG17: 531 | AH17: 567 | AI17: 743 | AJ17: 661 | AK17: 659 | AL17: 696 | AM17: 743 | AN17: 764 | AO17: 884 | AP17: 800 | AQ17: 874 | AR17: 902 | AS17: 786 | AT17: 801 | AU17: 860 | AV17: 866 | AW17: 934 | AX17: 919 | AY17: 1038 | AZ17: 1016 | BA17: 1041 | BB17: 958 | BC17: 928 | BD17: 901 | BE17: 813 | BF17: 824 | BG17: 835 | BH17: 776 | BI17: 735 | BJ17: 798 | BK17: 705 | BL17: 527 | BM17: 419 | BN17: 524 | BO17: =Births!BO17-Deaths!BO17 -> 531 | BP17: =Births!BP17-Deaths!BP17 -> 780 | BQ17: =Births!BQ17-Deaths!BQ17 -> 592
A18: Grays Harbor | B18: Grays Harbor County | C18: . | D18: 556 | E18: 359 | F18: 483 | G18: 338 | H18: 403 | I18: 360 | J18: 346 | K18: 246 | L18: 263 | M18: 362 | N18: 414 | O18: 268 | P18: 279 | Q18: 175 | R18: 217 | S18: 208 | T18: 348 | U18: 365 | V18: 500 | W18: 581 | X18: 459 | Y18: 417 | Z18: 477 | AA18: 394 | AB18: 388 | AC18: 349 | AD18: 264 | AE18: 161 | AF18: 213 | AG18: 233 | AH18: 203 | AI18: 273 | AJ18: 185 | AK18: 121 | AL18: 127 | AM18: 166 | AN18: 126 | AO18: 70 | AP18: 140 | AQ18: 48 | AR18: -21 | AS18: -65 | AT18: 79 | AU18: 24 | AV18: 38 | AW18: 128 | AX18: 131 | AY18: 86 | AZ18: 83 | BA18: 89 | BB18: 56 | BC18: 64 | BD18: -69 | BE18: -9 | BF18: -62 | BG18: -23 | BH18: -64 | BI18: -161 | BJ18: -162 | BK18: -222 | BL18: -274 | BM18: -482 | BN18: -486 | BO18: =Births!BO18-Deaths!BO18 -> -362 | BP18: =Births!BP18-Deaths!BP18 -> -458 | BQ18: =Births!BQ18-Deaths!BQ18 -> -475
A19: Island | B19: Island County | C19: . | D19: 456 | E19: 496 | F19: 505 | G19: 473 | H19: 426 | I19: 324 | J19: 311 | K19: 417 | L19: 399 | M19: 441 | N19: 485 | O19: 359 | P19: 387 | Q19: 308 | R19: 450 | S19: 426 | T19: 404 | U19: 455 | V19: 498 | W19: 515 | X19: 462 | Y19: 533 | Z19: 473 | AA19: 539 | AB19: 528 | AC19: 516 | AD19: 466 | AE19: 520 | AF19: 535 | AG19: 580 | AH19: 632 | AI19: 604 | AJ19: 679 | AK19: 570 | AL19: 546 | AM19: 473 | AN19: 518 | AO19: 490 | AP19: 305 | AQ19: 430 | AR19: 394 | AS19: 353 | AT19: 362 | AU19: 338 | AV19: 405 | AW19: 383 | AX19: 339 | AY19: 384 | AZ19: 243 | BA19: 341 | BB19: 277 | BC19: 295 | BD19: 236 | BE19: 207 | BF19: 203 | BG19: 226 | BH19: 179 | BI19: 136 | BJ19: 77 | BK19: 69 | BL19: -116 | BM19: -110 | BN19: -181 | BO19: =Births!BO19-Deaths!BO19 -> -134 | BP19: =Births!BP19-Deaths!BP19 -> -104 | BQ19: =Births!BQ19-Deaths!BQ19 -> -113
A20: Jefferson | B20: Jefferson County | C20: . | D20: 93 | E20: 110 | F20: 76 | G20: 60 | H20: 53 | I20: 60 | J20: 28 | K20: 36 | L20: 30 | M20: 38 | N20: 21 | O20: -6 | P20: 13 | Q20: 25 | R20: 14 | S20: -12 | T20: 62 | U20: 63 | V20: 89 | W20: 80 | X20: 87 | Y20: 102 | Z20: 31 | AA20: 72 | AB20: 54 | AC20: 56 | AD20: 15 | AE20: 49 | AF20: -4 | AG20: -18 | AH20: 14 | AI20: 65 | AJ20: 28 | AK20: -2 | AL20: -37 | AM20: -49 | AN20: -52 | AO20: -33 | AP20: -99 | AQ20: -62 | AR20: -59 | AS20: -47 | AT20: -96 | AU20: -81 | AV20: -100 | AW20: -83 | AX20: -86 | AY20: -101 | AZ20: -148 | BA20: -111 | BB20: -160 | BC20: -145 | BD20: -129 | BE20: -127 | BF20: -167 | BG20: -193 | BH20: -180 | BI20: -215 | BJ20: -214 | BK20: -223 | BL20: -282 | BM20: -278 | BN20: -283 | BO20: =Births!BO20-Deaths!BO20 -> -323 | BP20: =Births!BP20-Deaths!BP20 -> -326 | BQ20: =Births!BQ20-Deaths!BQ20 -> -307
A21: King | B21: King County | C21: . | D21: 12778 | E21: 12525 | F21: 12559 | G21: 10909 | H21: 8984 | I21: 7732 | J21: 8870 | K21: 9295 | L21: 10263 | M21: 10746 | N21: 9258 | O21: 5910 | P21: 3956 | Q21: 3912 | R21: 3945 | S21: 4086 | T21: 4988 | U21: 5378 | V21: 6262 | W21: 7174 | X21: 8173 | Y21: 9319 | Z21: 9160 | AA21: 8457 | AB21: 9049 | AC21: 9830 | AD21: 9721 | AE21: 10232 | AF21: 11179 | AG21: 12049 | AH21: 12483 | AI21: 12514 | AJ21: 11518 | AK21: 11051 | AL21: 10717 | AM21: 10315 | AN21: 9726 | AO21: 10593 | AP21: 10603 | AQ21: 10206 | AR21: 10809 | AS21: 10287 | AT21: 10515 | AU21: 10876 | AV21: 11516 | AW21: 11553 | AX21: 12985 | AY21: 13091 | AZ21: 13461 | BA21: 13576 | BB21: 12476 | BC21: 12673 | BD21: 12660 | BE21: 12684 | BF21: 12578 | BG21: 12939 | BH21: 12258 | BI21: 12139 | BJ21: 11046 | BK21: 10544 | BL21: 8631 | BM21: 8226 | BN21: 7177 | BO21: =Births!BO21-Deaths!BO21 -> 7329 | BP21: =Births!BP21-Deaths!BP21 -> 7924 | BQ21: =Births!BQ21-Deaths!BQ21 -> 8164
A22: Kitsap | B22: Kitsap County | D22: 989 | E22: 897 | F22: 884 | G22: 766 | H22: 773 | I22: 660 | J22: 531 | K22: 652 | L22: 699 | M22: 894 | N22: 979 | O22: 680 | P22: 594 | Q22: 599 | R22: 699 | S22: 821 | T22: 919 | U22: 1168 | V22: 1199 | W22: 1335 | X22: 1501 | Y22: 1673 | Z22: 1581 | AA22: 1755 | AB22: 1643 | AC22: 1741 | AD22: 1615 | AE22: 1610 | AF22: 1649 | AG22: 1865 | AH22: 2092 | AI22: 2114 | AJ22: 2138 | AK22: 1803 | AL22: 1934 | AM22: 1781 | AN22: 1689 | AO22: 1630 | AP22: 1284 | AQ22: 1342 | AR22: 1275 | AS22: 1124 | AT22: 1224 | AU22: 1106 | AV22: 1216 | AW22: 1216 | AX22: 1219 | AY22: 966 | AZ22: 1187 | BA22: 905 | BB22: 989 | BC22: 1030 | BD22: 993 | BE22: 829 | BF22: 850 | BG22: 923 | BH22: 870 | BI22: 784 | BJ22: 760 | BK22: 602 | BL22: 286 | BM22: 65 | BN22: 375 | BO22: =Births!BO22-Deaths!BO22 -> 130 | BP22: =Births!BP22-Deaths!BP22 -> 132 | BQ22: =Births!BQ22-Deaths!BQ22 -> 366
A23: Kittitas | B23: Kittitas County | C23: . | D23: 223 | E23: 250 | F23: 190 | G23: 164 | H23: 91 | I23: 86 | J23: 128 | K23: 114 | L23: 194 | M23: 125 | N23: 211 | O23: 139 | P23: 87 | Q23: 81 | R23: 73 | S23: 106 | T23: 112 | U23: 110 | V23: 108 | W23: 98 | X23: 117 | Y23: 139 | Z23: 192 | AA23: 98 | AB23: 107 | AC23: 77 | AD23: 55 | AE23: 90 | AF23: 116 | AG23: 111 | AH23: 116 | AI23: 107 | AJ23: 89 | AK23: 78 | AL23: 86 | AM23: 84 | AN23: 70 | AO23: 117 | AP23: 73 | AQ23: 136 | AR23: 147 | AS23: 80 | AT23: 97 | AU23: 122 | AV23: 122 | AW23: 77 | AX23: 126 | AY23: 161 | AZ23: 109 | BA23: 166 | BB23: 145 | BC23: 129 | BD23: 129 | BE23: 99 | BF23: 119 | BG23: 95 | BH23: 101 | BI23: 118 | BJ23: 80 | BK23: 54 | BL23: 1 | BM23: 6 | BN23: 27 | BO23: =Births!BO23-Deaths!BO23 -> -18 | BP23: =Births!BP23-Deaths!BP23 -> 14 | BQ23: =Births!BQ23-Deaths!BQ23 -> 61
A24: Klickitat | B24: Klickitat County | C24: . | D24: 213 | E24: 180 | F24: 158 | G24: 146 | H24: 125 | I24: 126 | J24: 95 | K24: 55 | L24: 58 | M24: 75 | N24: 45 | O24: 74 | P24: 96 | Q24: 88 | R24: 80 | S24: 120 | T24: 132 | U24: 107 | V24: 141 | W24: 137 | X24: 111 | Y24: 176 | Z24: 114 | AA24: 139 | AB24: 136 | AC24: 115 | AD24: 102 | AE24: 60 | AF24: 74 | AG24: 73 | AH24: 89 | AI24: 103 | AJ24: 74 | AK24: 71 | AL24: 62 | AM24: 84 | AN24: 70 | AO24: 96 | AP24: 98 | AQ24: 47 | AR24: 82 | AS24: 42 | AT24: 86 | AU24: 62 | AV24: 39 | AW24: 52 | AX24: 50 | AY24: 45 | AZ24: 51 | BA24: 45 | BB24: 77 | BC24: 3 | BD24: 47 | BE24: 16 | BF24: 30 | BG24: 59 | BH24: -32 | BI24: 21 | BJ24: -3 | BK24: -8 | BL24: -40 | BM24: -86 | BN24: -46 | BO24: =Births!BO24-Deaths!BO24 -> -47 | BP24: =Births!BP24-Deaths!BP24 -> -21 | BQ24: =Births!BQ24-Deaths!BQ24 -> 29
A25: Lewis | B25: Lewis County | C25: . | D25: 315 | E25: 296 | F25: 287 | G25: 156 | H25: 151 | I25: 190 | J25: 212 | K25: 114 | L25: 202 | M25: 175 | N25: 209 | O25: 210 | P25: 202 | Q25: 219 | R25: 205 | S25: 279 | T25: 340 | U25: 371 | V25: 407 | W25: 486 | X25: 461 | Y25: 445 | Z25: 403 | AA25: 410 | AB25: 279 | AC25: 218 | AD25: 282 | AE25: 313 | AF25: 222 | AG25: 244 | AH25: 261 | AI25: 275 | AJ25: 174 | AK25: 153 | AL25: 202 | AM25: 164 | AN25: 190 | AO25: 150 | AP25: 190 | AQ25: 179 | AR25: 131 | AS25: 71 | AT25: 179 | AU25: -8 | AV25: 84 | AW25: 117 | AX25: 240 | AY25: 185 | AZ25: 290 | BA25: 153 | BB25: 122 | BC25: 44 | BD25: 18 | BE25: 47 | BF25: 50 | BG25: 22 | BH25: 55 | BI25: -67 | BJ25: -53 | BK25: 25 | BL25: -176 | BM25: -271 | BN25: -139 | BO25: =Births!BO25-Deaths!BO25 -> -141 | BP25: =Births!BP25-Deaths!BP25 -> -59 | BQ25: =Births!BQ25-Deaths!BQ25 -> -77
A26: Lincoln | B26: Lincoln County | C26: . | D26: 101 | E26: 115 | F26: 64 | G26: 69 | H26: 47 | I26: 24 | J26: 8 | K26: 23 | L26: 20 | M26: 0 | N26: 3 | O26: 21 | P26: -4 | Q26: -10 | R26: 17 | S26: 24 | T26: 33 | U26: 12 | V26: 12 | W26: 60 | X26: 26 | Y26: 27 | Z26: 34 | AA26: 29 | AB26: 11 | AC26: 38 | AD26: 6 | AE26: -5 | AF26: -37 | AG26: 3 | AH26: -13 | AI26: 1 | AJ26: -14 | AK26: 27 | AL26: -18 | AM26: -19 | AN26: -6 | AO26: 14 | AP26: -7 | AQ26: -10 | AR26: -19 | AS26: -21 | AT26: -16 | AU26: -15 | AV26: -12 | AW26: -36 | AX26: 11 | AY26: -9 | AZ26: -35 | BA26: -25 | BB26: -23 | BC26: -17 | BD26: -15 | BE26: -16 | BF26: 4 | BG26: 0 | BH26: -24 | BI26: -13 | BJ26: -17 | BK26: -31 | BL26: -15 | BM26: -45 | BN26: -37 | BO26: =Births!BO26-Deaths!BO26 -> -26 | BP26: =Births!BP26-Deaths!BP26 -> -14 | BQ26: =Births!BQ26-Deaths!BQ26 -> 2
A27: Mason | B27: Mason County | D27: 196 | E27: 129 | F27: 139 | G27: 117 | H27: 135 | I27: 129 | J27: 70 | K27: 97 | L27: 81 | M27: 146 | N27: 112 | O27: 71 | P27: 110 | Q27: 92 | R27: 86 | S27: 70 | T27: 121 | U27: 130 | V27: 216 | W27: 284 | X27: 232 | Y27: 251 | Z27: 195 | AA27: 210 | AB27: 236 | AC27: 176 | AD27: 111 | AE27: 136 | AF27: 121 | AG27: 120 | AH27: 172 | AI27: 82 | AJ27: 99 | AK27: 73 | AL27: 126 | AM27: 23 | AN27: 50 | AO27: 88 | AP27: 17 | AQ27: 69 | AR27: 28 | AS27: 29 | AT27: 77 | AU27: 40 | AV27: 14 | AW27: 35 | AX27: 30 | AY27: 55 | AZ27: 78 | BA27: 131 | BB27: -14 | BC27: 10 | BD27: 89 | BE27: -23 | BF27: -53 | BG27: -42 | BH27: -4 | BI27: -65 | BJ27: -82 | BK27: -55 | BL27: -121 | BM27: -272 | BN27: -156 | BO27: =Births!BO27-Deaths!BO27 -> -205 | BP27: =Births!BP27-Deaths!BP27 -> -163 | BQ27: =Births!BQ27-Deaths!BQ27 -> -184
A28: Okanogan | B28: Okanogan County | C28: . | D28: 336 | E28: 278 | F28: 185 | G28: 191 | H28: 174 | I28: 112 | J28: 127 | K28: 126 | L28: 98 | M28: 131 | N28: 139 | O28: 185 | P28: 155 | Q28: 121 | R28: 168 | S28: 173 | T28: 180 | U28: 216 | V28: 243 | W28: 268 | X28: 346 | Y28: 328 | Z28: 333 | AA28: 290 | AB28: 268 | AC28: 196 | AD28: 226 | AE28: 211 | AF28: 190 | AG28: 205 | AH28: 245 | AI28: 264 | AJ28: 224 | AK28: 240 | AL28: 232 | AM28: 213 | AN28: 198 | AO28: 171 | AP28: 146 | AQ28: 210 | AR28: 154 | AS28: 144 | AT28: 37 | AU28: 141 | AV28: 149 | AW28: 174 | AX28: 223 | AY28: 193 | AZ28: 151 | BA28: 209 | BB28: 170 | BC28: 138 | BD28: 132 | BE28: 94 | BF28: 97 | BG28: 7 | BH28: 77 | BI28: 39 | BJ28: 18 | BK28: 9 | BL28: -72 | BM28: -186 | BN28: -43 | BO28: =Births!BO28-Deaths!BO28 -> -128 | BP28: =Births!BP28-Deaths!BP28 -> -119 | BQ28: =Births!BQ28-Deaths!BQ28 -> -83
A29: Pacific | B29: Pacific County | C29: . | D29: 80 | E29: 39 | F29: 74 | G29: 6 | H29: 30 | I29: 43 | J29: -15 | K29: 19 | L29: 5 | M29: 24 | N29: 30 | O29: -15 | P29: -20 | Q29: 3 | R29: 14 | S29: 29 | T29: 26 | U29: 29 | V29: 40 | W29: 72 | X29: 56 | Y29: 28 | Z29: 37 | AA29: 15 | AB29: 29 | AC29: 14 | AD29: -40 | AE29: -21 | AF29: 7 | AG29: -43 | AH29: -34 | AI29: -63 | AJ29: -5 | AK29: -47 | AL29: -11 | AM29: -51 | AN29: -98 | AO29: -50 | AP29: -70 | AQ29: -109 | AR29: -107 | AS29: -133 | AT29: -123 | AU29: -99 | AV29: -78 | AW29: -59 | AX29: -98 | AY29: -85 | AZ29: -88 | BA29: -117 | BB29: -105 | BC29: -75 | BD29: -100 | BE29: -139 | BF29: -94 | BG29: -135 | BH29: -74 | BI29: -180 | BJ29: -174 | BK29: -173 | BL29: -158 | BM29: -289 | BN29: -234 | BO29: =Births!BO29-Deaths!BO29 -> -246 | BP29: =Births!BP29-Deaths!BP29 -> -220 | BQ29: =Births!BQ29-Deaths!BQ29 -> -228
A30: Pend Oreille | B30: Pend Oreille County | C30: . | D30: 73 | E30: 58 | F30: 64 | G30: 55 | H30: 75 | I30: 87 | J30: 35 | K30: 18 | L30: 4 | M30: 27 | N30: 28 | O30: 51 | P30: 49 | Q30: 46 | R30: 40 | S30: 52 | T30: 59 | U30: 58 | V30: 83 | W30: 92 | X30: 84 | Y30: 71 | Z30: 44 | AA30: 28 | AB30: 34 | AC30: 64 | AD30: 16 | AE30: 15 | AF30: 52 | AG30: 60 | AH30: 56 | AI30: 53 | AJ30: 37 | AK30: 46 | AL30: 51 | AM30: 41 | AN30: 22 | AO30: -1 | AP30: 16 | AQ30: 36 | AR30: -6 | AS30: 16 | AT30: -14 | AU30: -29 | AV30: -23 | AW30: 14 | AX30: 0 | AY30: -1 | AZ30: -23 | BA30: 17 | BB30: -41 | BC30: -41 | BD30: -33 | BE30: -17 | BF30: -19 | BG30: -32 | BH30: -28 | BI30: -48 | BJ30: -55 | BK30: -35 | BL30: -80 | BM30: -121 | BN30: -131 | BO30: =Births!BO30-Deaths!BO30 -> -72 | BP30: =Births!BP30-Deaths!BP30 -> -36 | BQ30: =Births!BQ30-Deaths!BQ30 -> -44
A31: Pierce | B31: Pierce County² | C31: . | D31: 5138 | E31: 5234 | F31: 5120 | G31: 4626 | H31: 4331 | I31: 3758 | J31: 3581 | K31: 3816 | L31: 4201 | M31: 4379 | N31: 4516 | O31: 3560 | P31: 2525 | Q31: 3125 | R31: 3481 | S31: 3696 | T31: 4286 | U31: 4300 | V31: 4819 | W31: 5167 | X31: 5538 | Y31: 5793 | Z31: 5801 | AA31: 5418 | AB31: 5430 | AC31: 5697 | AD31: 5618 | AE31: 5549 | AF31: 5674 | AG31: 5896 | AH31: 6222 | AI31: 6192 | AJ31: 5789 | AK31: 5420 | AL31: 4985 | AM31: 4534 | AN31: 4726 | AO31: 4933 | AP31: 4854 | AQ31: 4848 | AR31: 4935 | AS31: 4646 | AT31: 4637 | AU31: 4679 | AV31: 4877 | AW31: 5175 | AX31: 5793 | AY31: 5629 | AZ31: 5850 | BA31: 5745 | BB31: 4945 | BC31: 5849 | BD31: 5158 | BE31: 5366 | BF31: 5315 | BG31: 5133 | BH31: 4882 | BI31: 4508 | BJ31: 4338 | BK31: 4149 | BL31: 3402 | BM31: 2460 | BN31: 2794 | BO31: =Births!BO31-Deaths!BO31 -> 2434 | BP31: =Births!BP31-Deaths!BP31 -> 2530 | BQ31: =Births!BQ31-Deaths!BQ31 -> 2488
A32: San Juan | B32: San Juan County | D32: -15 | E32: -11 | F32: -3 | G32: -9 | H32: -20 | I32: -6 | J32: -8 | K32: -15 | L32: -11 | M32: -12 | N32: -21 | O32: -6 | P32: -9 | Q32: -10 | R32: -6 | S32: 2 | T32: -5 | U32: 28 | V32: 36 | W32: 11 | X32: 25 | Y32: 37 | Z32: 11 | AA32: 50 | AB32: -7 | AC32: 40 | AD32: 50 | AE32: 15 | AF32: 27 | AG32: 28 | AH32: 19 | AI32: 12 | AJ32: 14 | AK32: -8 | AL32: 17 | AM32: 7 | AN32: 6 | AO32: 10 | AP32: 9 | AQ32: -23 | AR32: -14 | AS32: -20 | AT32: -34 | AU32: -25 | AV32: -5 | AW32: -4 | AX32: -29 | AY32: -14 | AZ32: -17 | BA32: -47 | BB32: -2 | BC32: -53 | BD32: -83 | BE32: -28 | BF32: -67 | BG32: -74 | BH32: -71 | BI32: -46 | BJ32: -50 | BK32: -42 | BL32: -51 | BM32: -60 | BN32: -34 | BO32: =Births!BO32-Deaths!BO32 -> -67 | BP32: =Births!BP32-Deaths!BP32 -> -87 | BQ32: =Births!BQ32-Deaths!BQ32 -> -79
A33: Skagit | B33: Skagit County | C33: . | D33: 555 | E33: 444 | F33: 393 | G33: 384 | H33: 296 | I33: 238 | J33: 250 | K33: 195 | L33: 255 | M33: 296 | N33: 293 | O33: 279 | P33: 108 | Q33: 151 | R33: 222 | S33: 236 | T33: 283 | U33: 342 | V33: 330 | W33: 356 | X33: 423 | Y33: 535 | Z33: 461 | AA33: 406 | AB33: 443 | AC33: 389 | AD33: 335 | AE33: 377 | AF33: 419 | AG33: 443 | AH33: 459 | AI33: 577 | AJ33: 507 | AK33: 439 | AL33: 518 | AM33: 519 | AN33: 417 | AO33: 467 | AP33: 475 | AQ33: 400 | AR33: 474 | AS33: 440 | AT33: 340 | AU33: 296 | AV33: 486 | AW33: 434 | AX33: 534 | AY33: 557 | AZ33: 425 | BA33: 434 | BB33: 381 | BC33: 361 | BD33: 351 | BE33: 367 | BF33: 245 | BG33: 310 | BH33: 236 | BI33: 171 | BJ33: 109 | BK33: 142 | BL33: -25 | BM33: -142 | BN33: -60 | BO33: =Births!BO33-Deaths!BO33 -> -118 | BP33: =Births!BP33-Deaths!BP33 -> -113 | BQ33: =Births!BQ33-Deaths!BQ33 -> -243
A34: Skamania | B34: Skamania County | C34: . | D34: 72 | E34: 89 | F34: 73 | G34: 38 | H34: 57 | I34: 57 | J34: 27 | K34: 25 | L34: 30 | M34: 46 | N34: 27 | O34: 42 | P34: 66 | Q34: 51 | R34: 41 | S34: 39 | T34: 73 | U34: 53 | V34: 78 | W34: 92 | X34: 111 | Y34: 89 | Z34: 70 | AA34: 83 | AB34: 58 | AC34: 46 | AD34: 54 | AE34: 67 | AF34: 55 | AG34: 57 | AH34: 37 | AI34: 56 | AJ34: 22 | AK34: 29 | AL34: 22 | AM34: 18 | AN34: 12 | AO34: 22 | AP34: 62 | AQ34: 46 | AR34: 30 | AS34: 45 | AT34: 46 | AU34: 42 | AV34: -1 | AW34: 26 | AX34: 36 | AY34: 53 | AZ34: 40 | BA34: 15 | BB34: 19 | BC34: 21 | BD34: 23 | BE34: 22 | BF34: 3 | BG34: 12 | BH34: -8 | BI34: 14 | BJ34: 11 | BK34: -15 | BL34: -14 | BM34: -25 | BN34: -14 | BO34: =Births!BO34-Deaths!BO34 -> -44 | BP34: =Births!BP34-Deaths!BP34 -> -63 | BQ34: =Births!BQ34-Deaths!BQ34 -> -5
A35: Snohomish | B35: Snohomish County | C35: . | D35: 2639 | E35: 2671 | F35: 2613 | G35: 2520 | H35: 2392 | I35: 2019 | J35: 1927 | K35: 2252 | L35: 2664 | M35: 3175 | N35: 3318 | O35: 2430 | P35: 1845 | Q35: 1888 | R35: 1981 | S35: 2015 | T35: 2156 | U35: 2404 | V35: 2547 | W35: 3151 | X35: 3592 | Y35: 3878 | Z35: 3799 | AA35: 3716 | AB35: 3843 | AC35: 4004 | AD35: 4073 | AE35: 4225 | AF35: 4659 | AG35: 5248 | AH35: 5328 | AI35: 5397 | AJ35: 5002 | AK35: 4758 | AL35: 4560 | AM35: 4456 | AN35: 4432 | AO35: 4742 | AP35: 4738 | AQ35: 4657 | AR35: 4809 | AS35: 4549 | AT35: 4427 | AU35: 4462 | AV35: 4453 | AW35: 4681 | AX35: 5087 | AY35: 5292 | AZ35: 5234 | BA35: 4806 | BB35: 4464 | BC35: 4299 | BD35: 4401 | BE35: 4545 | BF35: 4651 | BG35: 4619 | BH35: 4396 | BI35: 4313 | BJ35: 4299 | BK35: 3785 | BL35: 3010 | BM35: 3344 | BN35: 3257 | BO35: =Births!BO35-Deaths!BO35 -> 3639 | BP35: =Births!BP35-Deaths!BP35 -> 3509 | BQ35: =Births!BQ35-Deaths!BQ35 -> 3233
A36: Spokane | B36: Spokane County | C36: . | D36: 4039 | E36: 3318 | F36: 3066 | G36: 2659 | H36: 2155 | I36: 1669 | J36: 1636 | K36: 1417 | L36: 1600 | M36: 2027 | N36: 2450 | O36: 1904 | P36: 1565 | Q36: 1738 | R36: 1781 | S36: 1817 | T36: 2015 | U36: 2236 | V36: 2552 | W36: 2778 | X36: 2696 | Y36: 2818 | Z36: 2789 | AA36: 2566 | AB36: 2525 | AC36: 2556 | AD36: 2240 | AE36: 2173 | AF36: 2301 | AG36: 2457 | AH36: 2574 | AI36: 2690 | AJ36: 2307 | AK36: 2253 | AL36: 2212 | AM36: 1997 | AN36: 2124 | AO36: 2130 | AP36: 2014 | AQ36: 1902 | AR36: 1965 | AS36: 1723 | AT36: 1884 | AU36: 1714 | AV36: 1754 | AW36: 2076 | AX36: 2315 | AY36: 2199 | AZ36: 2021 | BA36: 2081 | BB36: 1891 | BC36: 1740 | BD36: 1855 | BE36: 1871 | BF36: 1594 | BG36: 1518 | BH36: 1546 | BI36: 1150 | BJ36: 1058 | BK36: 1012 | BL36: 269 | BM36: -51 | BN36: 411 | BO36: =Births!BO36-Deaths!BO36 -> 294 | BP36: =Births!BP36-Deaths!BP36 -> 551 | BQ36: =Births!BQ36-Deaths!BQ36 -> 519
A37: Stevens | B37: Stevens County | D37: 181 | E37: 143 | F37: 148 | G37: 35 | H37: 75 | I37: 72 | J37: 107 | K37: 49 | L37: 49 | M37: 96 | N37: 96 | O37: 78 | P37: 87 | Q37: 119 | R37: 154 | S37: 164 | T37: 214 | U37: 237 | V37: 259 | W37: 302 | X37: 394 | Y37: 326 | Z37: 280 | AA37: 254 | AB37: 238 | AC37: 266 | AD37: 216 | AE37: 174 | AF37: 141 | AG37: 182 | AH37: 109 | AI37: 150 | AJ37: 152 | AK37: 181 | AL37: 117 | AM37: 157 | AN37: 148 | AO37: 139 | AP37: 124 | AQ37: 127 | AR37: 59 | AS37: 119 | AT37: 33 | AU37: 99 | AV37: 80 | AW37: 48 | AX37: 96 | AY37: 91 | AZ37: 2 | BA37: 35 | BB37: 12 | BC37: 32 | BD37: 9 | BE37: 30 | BF37: 12 | BG37: -51 | BH37: -30 | BI37: -32 | BJ37: -51 | BK37: -68 | BL37: -107 | BM37: -225 | BN37: -108 | BO37: =Births!BO37-Deaths!BO37 -> -107 | BP37: =Births!BP37-Deaths!BP37 -> -81 | BQ37: =Births!BQ37-Deaths!BQ37 -> -64
A38: Thurston | B38: Thurston County | C38: . | D38: 843 | E38: 794 | F38: 820 | G38: 745 | H38: 735 | I38: 518 | J38: 491 | K38: 491 | L38: 642 | M38: 677 | N38: 776 | O38: 663 | P38: 534 | Q38: 493 | R38: 659 | S38: 708 | T38: 873 | U38: 841 | V38: 897 | W38: 1086 | X38: 1383 | Y38: 1196 | Z38: 1193 | AA38: 1154 | AB38: 1181 | AC38: 1210 | AD38: 1087 | AE38: 1046 | AF38: 1095 | AG38: 1237 | AH38: 1192 | AI38: 1275 | AJ38: 1209 | AK38: 1224 | AL38: 1089 | AM38: 1014 | AN38: 997 | AO38: 1009 | AP38: 908 | AQ38: 999 | AR38: 1078 | AS38: 809 | AT38: 867 | AU38: 967 | AV38: 936 | AW38: 898 | AX38: 1034 | AY38: 1047 | AZ38: 1339 | BA38: 1278 | BB38: 1078 | BC38: 1204 | BD38: 1083 | BE38: 1146 | BF38: 1043 | BG38: 895 | BH38: 956 | BI38: 764 | BJ38: 671 | BK38: 617 | BL38: 499 | BM38: -25 | BN38: -53 | BO38: =Births!BO38-Deaths!BO38 -> 196 | BP38: =Births!BP38-Deaths!BP38 -> 202 | BQ38: =Births!BQ38-Deaths!BQ38 -> 53
A39: Wahkiakum | B39: Wahkiakum County | C39: . | D39: 26 | E39: 36 | F39: 6 | G39: 2 | H39: 29 | I39: 31 | J39: -8 | K39: 8 | L39: 11 | M39: 8 | N39: 12 | O39: 23 | P39: 6 | Q39: 20 | R39: 8 | S39: 41 | T39: 9 | U39: 24 | V39: 22 | W39: 20 | X39: 6 | Y39: 5 | Z39: 13 | AA39: 6 | AB39: -13 | AC39: -10 | AD39: 4 | AE39: -3 | AF39: 5 | AG39: 0 | AH39: -6 | AI39: -10 | AJ39: -15 | AK39: -8 | AL39: 9 | AM39: -14 | AN39: -2 | AO39: -11 | AP39: -18 | AQ39: -6 | AR39: -19 | AS39: -18 | AT39: -38 | AU39: -26 | AV39: -11 | AW39: -10 | AX39: -17 | AY39: -24 | AZ39: -26 | BA39: -12 | BB39: -14 | BC39: -25 | BD39: -13 | BE39: -20 | BF39: -31 | BG39: -17 | BH39: -23 | BI39: -12 | BJ39: -31 | BK39: -39 | BL39: -24 | BM39: -30 | BN39: -39 | BO39: =Births!BO39-Deaths!BO39 -> -40 | BP39: =Births!BP39-Deaths!BP39 -> -45 | BQ39: =Births!BQ39-Deaths!BQ39 -> -19
A40: Walla Walla | B40: Walla Walla County | C40: . | D40: 381 | E40: 329 | F40: 372 | G40: 273 | H40: 248 | I40: 138 | J40: 179 | K40: 142 | L40: 151 | M40: 164 | N40: 142 | O40: 65 | P40: 31 | Q40: 10 | R40: 22 | S40: 58 | T40: 137 | U40: 123 | V40: 208 | W40: 239 | X40: 237 | Y40: 309 | Z40: 289 | AA40: 239 | AB40: 131 | AC40: 166 | AD40: 161 | AE40: 115 | AF40: 141 | AG40: 170 | AH40: 202 | AI40: 274 | AJ40: 163 | AK40: 242 | AL40: 204 | AM40: 245 | AN40: 229 | AO40: 183 | AP40: 188 | AQ40: 136 | AR40: 156 | AS40: 199 | AT40: 131 | AU40: 203 | AV40: 189 | AW40: 162 | AX40: 120 | AY40: 135 | AZ40: 171 | BA40: 65 | BB40: 173 | BC40: 155 | BD40: 118 | BE40: 131 | BF40: 95 | BG40: 42 | BH40: 59 | BI40: -2 | BJ40: 53 | BK40: 34 | BL40: -90 | BM40: -154 | BN40: -191 | BO40: =Births!BO40-Deaths!BO40 -> -126 | BP40: =Births!BP40-Deaths!BP40 -> -121 | BQ40: =Births!BQ40-Deaths!BQ40 -> -93
A41: Whatcom | B41: Whatcom County | C41: . | D41: 589 | E41: 585 | F41: 521 | G41: 519 | H41: 306 | I41: 236 | J41: 253 | K41: 319 | L41: 401 | M41: 517 | N41: 564 | O41: 515 | P41: 321 | Q41: 436 | R41: 438 | S41: 463 | T41: 628 | U41: 636 | V41: 784 | W41: 793 | X41: 889 | Y41: 893 | Z41: 791 | AA41: 861 | AB41: 787 | AC41: 712 | AD41: 738 | AE41: 651 | AF41: 819 | AG41: 800 | AH41: 827 | AI41: 913 | AJ41: 886 | AK41: 879 | AL41: 838 | AM41: 723 | AN41: 748 | AO41: 892 | AP41: 854 | AQ41: 809 | AR41: 806 | AS41: 749 | AT41: 690 | AU41: 772 | AV41: 648 | AW41: 882 | AX41: 868 | AY41: 783 | AZ41: 828 | BA41: 838 | BB41: 841 | BC41: 886 | BD41: 649 | BE41: 684 | BF41: 799 | BG41: 698 | BH41: 524 | BI41: 581 | BJ41: 347 | BK41: 136 | BL41: 74 | BM41: -101 | BN41: -170 | BO41: =Births!BO41-Deaths!BO41 -> -4 | BP41: =Births!BP41-Deaths!BP41 -> -131 | BQ41: =Births!BQ41-Deaths!BQ41 -> -67
A42: Whitman | B42: Whitman County | D42: 460 | E42: 440 | F42: 393 | G42: 364 | H42: 308 | I42: 232 | J42: 265 | K42: 255 | L42: 309 | M42: 337 | N42: 311 | O42: 252 | P42: 234 | Q42: 213 | R42: 189 | S42: 210 | T42: 295 | U42: 260 | V42: 211 | W42: 249 | X42: 287 | Y42: 300 | Z42: 236 | AA42: 202 | AB42: 325 | AC42: 199 | AD42: 205 | AE42: 164 | AF42: 189 | AG42: 167 | AH42: 216 | AI42: 240 | AJ42: 184 | AK42: 200 | AL42: 164 | AM42: 233 | AN42: 171 | AO42: 186 | AP42: 189 | AQ42: 207 | AR42: 149 | AS42: 158 | AT42: 222 | AU42: 173 | AV42: 187 | AW42: 194 | AX42: 200 | AY42: 235 | AZ42: 191 | BA42: 197 | BB42: 196 | BC42: 179 | BD42: 237 | BE42: 188 | BF42: 158 | BG42: 138 | BH42: 170 | BI42: 110 | BJ42: 97 | BK42: 99 | BL42: 26 | BM42: 13 | BN42: 101 | BO42: =Births!BO42-Deaths!BO42 -> 53 | BP42: =Births!BP42-Deaths!BP42 -> 70 | BQ42: =Births!BQ42-Deaths!BQ42 -> 70
A43: Yakima | B43: Yakima County | C43: . | D43: 1887 | E43: 1925 | F43: 1818 | G43: 1622 | H43: 1634 | I43: 1251 | J43: 1119 | K43: 1077 | L43: 1131 | M43: 1112 | N43: 1456 | O43: 1092 | P43: 902 | Q43: 931 | R43: 944 | S43: 1218 | T43: 1501 | U43: 1665 | V43: 1452 | W43: 1863 | X43: 1764 | Y43: 1892 | Z43: 1815 | AA43: 1817 | AB43: 1713 | AC43: 1770 | AD43: 1883 | AE43: 1722 | AF43: 1988 | AG43: 2100 | AH43: 2508 | AI43: 2714 | AJ43: 2635 | AK43: 2658 | AL43: 2559 | AM43: 2470 | AN43: 2459 | AO43: 2509 | AP43: 2616 | AQ43: 2507 | AR43: 2542 | AS43: 2358 | AT43: 2296 | AU43: 2416 | AV43: 2399 | AW43: 2360 | AX43: 2713 | AY43: 2754 | AZ43: 2575 | BA43: 2601 | BB43: 2573 | BC43: 2412 | BD43: 2140 | BE43: 2202 | BF43: 2216 | BG43: 2048 | BH43: 1796 | BI43: 1727 | BJ43: 1554 | BK43: 1456 | BL43: 889 | BM43: 774 | BN43: 1048 | BO43: =Births!BO43-Deaths!BO43 -> 891 | BP43: =Births!BP43-Deaths!BP43 -> 1161 | BQ43: =Births!BQ43-Deaths!BQ43 -> 1284
A44: State | B44: State Total | C44: . | D44: 39571 | E44: 38023 | F44: 36718 | G44: 32244 | H44: 28600 | I44: 24035 | J44: 24106 | K44: 24822 | L44: 27418 | M44: 29964 | N44: 30276 | O44: 22665 | P44: 17323 | Q44: 18232 | R44: 19787 | S44: 21225 | T44: 25054 | U44: 26848 | V44: 30050 | W44: 34044 | X44: 36312 | Y44: 38532 | Z44: 37044 | AA44: 35317 | AB44: 35168 | AC44: 36312 | AD44: 35044 | AE44: 35101 | AF44: 37158 | AG44: 40324 | AH44: 42616 | AI44: 43333 | AJ44: 40148 | AK44: 38714 | AL44: 37496 | AM44: 35856 | AN44: 35403 | AO44: 37264 | AP44: 36613 | AQ44: 36110 | AR44: 36809 | AS44: 34391 | AT44: 34338 | AU44: 34932 | AV44: 36236 | AW44: 37888 | AX44: 41591 | AY44: 41621 | AZ44: 41722 | BA44: 40736 | BB44: 37597 | BC44: 37903 | BD44: 36141 | BE44: 36315 | BF44: 35631 | BG44: 35158 | BH44: 33589 | BI44: 30974 | BJ44: 28503 | BK44: 26323 | BL44: 18122 | BM44: 13750 | BN44: 14696 | BO44: =Births!BO44-Deaths!BO44 -> 15600 | BP44: =Births!BP44-Deaths!BP44 -> 17076 | BQ44: =Births!BQ44-Deaths!BQ44 -> 17330

Sheet Residual Net Migration
A1: Population and Components of Change, Residual Net Migration, 1960 to Present
A2: Office of Financial Management, Forecasting and Research Division
A4: County | B4: Jurisdiction | C4: Spacer | D4: Residual Net Migration 1960-1961 | E4: Residual Net Migration 1961-1962 | F4: Residual Net Migration 1962-1963 | G4: Residual Net Migration 1963-1964 | H4: Residual Net Migration 1964-1965 | I4: Residual Net Migration 1965-1966 | J4: Residual Net Migration 1966-1967 | K4: Residual Net Migration 1967-1968 | L4: Residual Net Migration 1968-1969 | M4: Residual Net Migration 1969-1970 | N4: Residual Net Migration 1970-1971 | O4: Residual Net Migration 1971-1972 | P4: Residual Net Migration 1972-1973 | Q4: Residual Net Migration 1973-1974 | R4: Residual Net Migration 1974-1975 | S4: Residual Net Migration 1975-1976 | T4: Residual Net Migration 1976-1977 | U4: Residual Net Migration 1977-1978 | V4: Residual Net Migration 1978-1979 | W4: Residual Net Migration 1979-1980 | X4: Residual Net Migration 1980-1981 | Y4: Residual Net Migration 1981-1982 | Z4: Residual Net Migration 1982-1983 | AA4: Residual Net Migration 1983-1984 | AB4: Residual Net Migration 1984-1985 | AC4: Residual Net Migration 1985-1986 | AD4: Residual Net Migration 1986-1987 | AE4: Residual Net Migration 1987-1988 | AF4: Residual Net Migration 1988-1989 | AG4: Residual Net Migration 1989-1990 | AH4: Residual Net Migration 1990-1991 | AI4: Residual Net Migration 1991-1992 | AJ4: Residual Net Migration 1992-1993 | AK4: Residual Net Migration 1993-1994 | AL4: Residual Net Migration 1994-1995 | AM4: Residual Net Migration 1995-1996 | AN4: Residual Net Migration 1996-1997 | AO4: Residual Net Migration 1997-1998 | AP4: Residual Net Migration 1998-1999 | AQ4: Residual Net Migration 1999-2000 | AR4: Residual Net Migration 2000-2001 | AS4: Residual Net Migration 2001-2002 | AT4: Residual Net Migration 2002-2003 | AU4: Residual Net Migration 2003-2004 | AV4: Residual Net Migration 2004-2005 | AW4: Residual Net Migration 2005-2006 | AX4: Residual Net Migration 2006-2007 | AY4: Residual Net Migration 2007-2008 | AZ4: Residual Net Migration 2008-2009 | BA4: Residual Net Migration 2009-2010 | BB4: Residual Net Migration 2010-2011 | BC4: Residual Net Migration 2011-2012 | BD4: Residual Net Migration 2012-2013 | BE4: Residual Net Migration 2013-2014 | BF4: Residual Net Migration 2014-2015 | BG4: Residual Net Migration 2015-2016 | BH4: Residual Net Migration 2016-2017 | BI4: Residual Net Migration 2017-2018 | BJ4: Residual Net Migration 2018-2019 | BK4: Residual Net Migration 2019-2020 | BL4: Residual Net Migration 2020-2021¹ | BM4: Residual Net Migration 2021-2022 | BN4: Residual Net Migration 2022-2023 | BO4: Residual Net Migration 2023-2024 | BP4: Residual Net Migration 2024-2025 | BQ4: Residual Net Migration 2025-2026
A5: Adams | B5: Adams County | C5: . | D5: 9 | E5: 27 | F5: -429 | G5: -42 | H5: 31 | I5: 95 | J5: 285 | K5: -133 | L5: 253 | M5: 467 | N5: 37 | O5: 220 | P5: -57 | Q5: -164 | R5: 228 | S5: 423 | T5: -15 | U5: -141 | V5: -441 | W5: -737 | X5: -166 | Y5: -146 | Z5: -215 | AA5: -205 | AB5: -180 | AC5: -159 | AD5: -109 | AE5: -130 | AF5: -90 | AG5: -112 | AH5: 51 | AI5: 40 | AJ5: 56 | AK5: 115 | AL5: 146 | AM5: 104 | AN5: 186 | AO5: -7 | AP5: 66 | AQ5: 40 | AR5: 52 | AS5: 7 | AT5: -80 | AU5: 194 | AV5: -147 | AW5: -267 | AX5: -24 | AY5: -52 | AZ5: -111 | BA5: 4 | BB5: -242 | BC5: -128 | BD5: -101 | BE5: -151 | BF5: -98 | BG5: -22 | BH5: 173 | BI5: -164 | BJ5: -138 | BK5: 32 | BL5: 90 | BM5: 5 | BN5: -86 | BO5: ='Annual Change'!BO5-'Natural Change'!BO5 -> 27 | BP5: ='Annual Change'!BP5-'Natural Change'!BP5 -> -168 | BQ5: ='Annual Change'!BQ5-'Natural Change'!BQ5 -> 224
A6: Asotin | B6: Asotin County | C6: . | D6: -354 | E6: 181 | F6: -17 | G6: -281 | H6: -51 | I6: 140 | J6: 440 | K6: -64 | L6: -127 | M6: 244 | N6: 168 | O6: 434 | P6: -28 | Q6: 134 | R6: 47 | S6: 49 | T6: 548 | U6: 454 | V6: 321 | W6: 335 | X6: -111 | Y6: -32 | Z6: -143 | AA6: 82 | AB6: 32 | AC6: -190 | AD6: -18 | AE6: 34 | AF6: 63 | AG6: 184 | AH6: 27 | AI6: 130 | AJ6: 186 | AK6: 527 | AL6: 213 | AM6: 656 | AN6: 284 | AO6: 213 | AP6: 189 | AQ6: 76 | AR6: 54 | AS6: -35 | AT6: 19 | AU6: -15 | AV6: 125 | AW6: 191 | AX6: 209 | AY6: 69 | AZ6: 71 | BA6: 32 | BB6: -2 | BC6: 20 | BD6: 61 | BE6: 50 | BF6: 98 | BG6: 155 | BH6: 73 | BI6: 98 | BJ6: 110 | BK6: 135 | BL6: 316 | BM6: 178 | BN6: 170 | BO6: ='Annual Change'!BO6-'Natural Change'!BO6 -> 166 | BP6: ='Annual Change'!BP6-'Natural Change'!BP6 -> 186 | BQ6: ='Annual Change'!BQ6-'Natural Change'!BQ6 -> 283
A7: Benton | B7: Benton County | C7: . | D7: -1020 | E7: -678 | F7: -1422 | G7: -1032 | H7: -742 | I7: -156 | J7: 521 | K7: 268 | L7: 219 | M7: 882 | N7: -652 | O7: -465 | P7: -50 | Q7: 1442 | R7: 3765 | S7: 5614 | T7: 5219 | U7: 6431 | V7: 7207 | W7: 5216 | X7: -338 | Y7: 1929 | Z7: -2769 | AA7: -4641 | AB7: -2782 | AC7: -882 | AD7: -454 | AE7: -399 | AF7: -138 | AG7: 65 | AH7: 716 | AI7: 884 | AJ7: 1694 | AK7: 2854 | AL7: 3788 | AM7: 3027 | AN7: 1919 | AO7: 918 | AP7: 606 | AQ7: 1678 | AR7: 1687 | AS7: 1814 | AT7: 2488 | AU7: 2796 | AV7: 2272 | AW7: 1814 | AX7: 1525 | AY7: 1269 | AZ7: 2498 | BA7: 2524 | BB7: 1164 | BC7: 1112 | BD7: 2138 | BE7: 2162 | BF7: 1256 | BG7: 785 | BH7: 1910 | BI7: 2960 | BJ7: 2913 | BK7: 3079 | BL7: 1871 | BM7: 2258 | BN7: 2705 | BO7: ='Annual Change'!BO7-'Natural Change'!BO7 -> 1546 | BP7: ='Annual Change'!BP7-'Natural Change'!BP7 -> 907 | BQ7: ='Annual Change'!BQ7-'Natural Change'!BQ7 -> 2794
A8: Chelan | B8: Chelan County | C8: . | D8: -560 | E8: -292 | F8: -892 | G8: -393 | H8: -462 | I8: -313 | J8: 524 | K8: 29 | L8: -472 | M8: 594 | N8: -278 | O8: -2195 | P8: 66 | Q8: 640 | R8: 426 | S8: 377 | T8: 585 | U8: 973 | V8: 961 | W8: 1025 | X8: 642 | Y8: -411 | Z8: 1276 | AA8: 820 | AB8: 325 | AC8: -298 | AD8: -239 | AE8: 661 | AF8: 195 | AG8: 771 | AH8: 736 | AI8: 1130 | AJ8: 1052 | AK8: 1415 | AL8: 1348 | AM8: 800 | AN8: 1217 | AO8: 887 | AP8: 905 | AQ8: 590 | AR8: -124 | AS8: 104 | AT8: -203 | AU8: 209 | AV8: 584 | AW8: 578 | AX8: 477 | AY8: 602 | AZ8: -42 | BA8: -151 | BB8: 1 | BC8: 67 | BD8: -4 | BE8: 789 | BF8: 221 | BG8: 388 | BH8: 564 | BI8: 972 | BJ8: 351 | BK8: 1058 | BL8: 832 | BM8: 710 | BN8: 947 | BO8: ='Annual Change'!BO8-'Natural Change'!BO8 -> 781 | BP8: ='Annual Change'!BP8-'Natural Change'!BP8 -> 532 | BQ8: ='Annual Change'!BQ8-'Natural Change'!BQ8 -> 528
A9: Clallam | B9: Clallam County | C9: . | D9: -37 | E9: 144 | F9: -434 | G9: 141 | H9: 369 | I9: 419 | J9: 951 | K9: 525 | L9: 151 | M9: -32 | N9: 722 | O9: 392 | P9: 1206 | Q9: 1400 | R9: 1598 | S9: 1814 | T9: 655 | U9: 1947 | V9: 2689 | W9: 1933 | X9: -145 | Y9: -692 | Z9: 269 | AA9: 222 | AB9: -359 | AC9: 164 | AD9: -247 | AE9: 1448 | AF9: 720 | AG9: 826 | AH9: 1257 | AI9: 591 | AJ9: 939 | AK9: 766 | AL9: 695 | AM9: 1049 | AN9: 686 | AO9: 988 | AP9: 585 | AQ9: 945 | AR9: 636 | AS9: 860 | AT9: 780 | AU9: 1016 | AV9: 1182 | AW9: 1474 | AX9: 1116 | AY9: 1064 | AZ9: 686 | BA9: 638 | BB9: 626 | BC9: 849 | BD9: 649 | BE9: 554 | BF9: 699 | BG9: 921 | BH9: 1041 | BI9: 1019 | BJ9: 1396 | BK9: 1250 | BL9: 1074 | BM9: 615 | BN9: 1188 | BO9: ='Annual Change'!BO9-'Natural Change'!BO9 -> 1166 | BP9: ='Annual Change'!BP9-'Natural Change'!BP9 -> 808 | BQ9: ='Annual Change'!BQ9-'Natural Change'!BQ9 -> 1248
A10: Clark | B10: Clark County | C10: . | D10: 1754 | E10: 1939 | F10: 1161 | G10: 1751 | H10: 2583 | I10: 2558 | J10: 4371 | K10: 4371 | L10: 5395 | M10: -1706 | N10: 3579 | O10: 6679 | P10: 3005 | Q10: 5279 | R10: 4009 | S10: 2861 | T10: 5961 | U10: 4624 | V10: 7214 | W10: 6782 | X10: 2229 | Y10: 1219 | Z10: 606 | AA10: -34 | AB10: 1279 | AC10: 1807 | AD10: 1838 | AE10: 3267 | AF10: 5224 | AG10: 9628 | AH10: 7942 | AI10: 5201 | AJ10: 6448 | AK10: 7594 | AL10: 9992 | AM10: 9011 | AN10: 9430 | AO10: 10476 | AP10: 7803 | AQ10: 7677 | AR10: 4379 | AS10: 9254 | AT10: 6472 | AU10: 8355 | AV10: 6356 | AW10: 7051 | AX10: 4825 | AY10: 3178 | AZ10: 1714 | BA10: -1198 | BB10: 815 | BC10: 1249 | BD10: 2356 | BE10: 5152 | BF10: 5855 | BG10: 7158 | BH10: 8373 | BI10: 6449 | BJ10: 7976 | BK10: 10852 | BL10: 8780 | BM10: 6829 | BN10: 5643 | BO10: ='Annual Change'!BO10-'Natural Change'!BO10 -> 7712 | BP10: ='Annual Change'!BP10-'Natural Change'!BP10 -> 4960 | BQ10: ='Annual Change'!BQ10-'Natural Change'!BQ10 -> 6325
A11: Columbia | B11: Columbia County | C11: . | D11: 6 | E11: -214 | F11: 74 | G11: -24 | H11: -212 | I11: 98 | J11: 95 | K11: 165 | L11: -205 | M11: -43 | N11: -9 | O11: 9 | P11: -107 | Q11: -2 | R11: -93 | S11: -5 | T11: -107 | U11: -4 | V11: -22 | W11: -58 | X11: 9 | Y11: -14 | Z11: -23 | AA11: -14 | AB11: 3 | AC11: 9 | AD11: -17 | AE11: -14 | AF11: 23 | AG11: -25 | AH11: 3 | AI11: 1 | AJ11: -3 | AK11: 10 | AL11: 18 | AM11: -2 | AN11: 7 | AO11: 8 | AP11: 11 | AQ11: 37 | AR11: 63 | AS11: 9 | AT11: 2 | AU11: 29 | AV11: 27 | AW11: 3 | AX11: -27 | AY11: 18 | AZ11: -3 | BA11: -9 | BB11: 17 | BC11: -10 | BD11: 1 | BE11: -19 | BF11: 33 | BG11: -1 | BH11: 12 | BI11: 17 | BJ11: 7 | BK11: 12 | BL11: 28 | BM11: 51 | BN11: 42 | BO11: ='Annual Change'!BO11-'Natural Change'!BO11 -> 99 | BP11: ='Annual Change'!BP11-'Natural Change'!BP11 -> -17 | BQ11: ='Annual Change'!BQ11-'Natural Change'!BQ11 -> -6
A12: Cowlitz | B12: Cowlitz County | C12: . | D12: 137 | E12: 212 | F12: 22 | G12: 155 | H12: 417 | I12: 621 | J12: 1454 | K12: 1662 | L12: 138 | M12: -1061 | N12: 7 | O12: -926 | P12: 155 | Q12: 619 | R12: 594 | S12: -286 | T12: 696 | U12: 1428 | V12: 1685 | W12: 752 | X12: -572 | Y12: -1308 | Z12: -264 | AA12: -358 | AB12: -722 | AC12: -1256 | AD12: -56 | AE12: 31 | AF12: 952 | AG12: 615 | AH12: 89 | AI12: 404 | AJ12: 564 | AK12: 693 | AL12: 906 | AM12: 938 | AN12: 686 | AO12: 767 | AP12: 755 | AQ12: 850 | AR12: 772 | AS12: 450 | AT12: 759 | AU12: 553 | AV12: 792 | AW12: 1171 | AX12: 963 | AY12: 801 | AZ12: 305 | BA12: -43 | BB12: 67 | BC12: 175 | BD12: 278 | BE12: 522 | BF12: 621 | BG12: 558 | BH12: 946 | BI12: 1293 | BJ12: 1461 | BK12: 1410 | BL12: 894 | BM12: 1245 | BN12: 752 | BO12: ='Annual Change'!BO12-'Natural Change'!BO12 -> 997 | BP12: ='Annual Change'!BP12-'Natural Change'!BP12 -> 762 | BQ12: ='Annual Change'!BQ12-'Natural Change'!BQ12 -> 538
A13: Douglas | B13: Douglas County | C13: . | D13: 0 | E13: -321 | F13: 63 | G13: -23 | H13: -108 | I13: 205 | J13: 416 | K13: 419 | L13: -126 | M13: 72 | N13: 683 | O13: -119 | P13: -274 | Q13: 267 | R13: 397 | S13: 956 | T13: 637 | U13: 792 | V13: 180 | W13: 306 | X13: 90 | Y13: -235 | Z13: -75 | AA13: -28 | AB13: 226 | AC13: 159 | AD13: -79 | AE13: 577 | AF13: 466 | AG13: 955 | AH13: 1187 | AI13: -467 | AJ13: 504 | AK13: 286 | AL13: 351 | AM13: 450 | AN13: 363 | AO13: 657 | AP13: 405 | AQ13: 334 | AR13: 10 | AS13: -153 | AT13: 493 | AU13: 223 | AV13: 347 | AW13: 762 | AX13: 557 | AY13: 605 | AZ13: 467 | BA13: 164 | BB13: 16 | BC13: 51 | BD13: 83 | BE13: 101 | BF13: 217 | BG13: 303 | BH13: 287 | BI13: 269 | BJ13: 417 | BK13: 619 | BL13: 486 | BM13: 332 | BN13: 386 | BO13: ='Annual Change'!BO13-'Natural Change'!BO13 -> 507 | BP13: ='Annual Change'!BP13-'Natural Change'!BP13 -> 121 | BQ13: ='Annual Change'!BQ13-'Natural Change'!BQ13 -> 274
A14: Ferry | B14: Ferry County | C14: . | D14: 168 | E14: -355 | F14: 59 | G14: -28 | H14: -139 | I14: -30 | J14: 83 | K14: -123 | L14: -241 | M14: 34 | N14: 11 | O14: 250 | P14: 70 | Q14: 259 | R14: 154 | S14: 158 | T14: 311 | U14: 116 | V14: 351 | W14: 29 | X14: 44 | Y14: -1 | Z14: -32 | AA14: -80 | AB14: -74 | AC14: -27 | AD14: -192 | AE14: 163 | AF14: 39 | AG14: 104 | AH14: 41 | AI14: 49 | AJ14: 60 | AK14: 79 | AL14: 139 | AM14: 112 | AN14: 110 | AO14: 63 | AP14: 31 | AQ14: 72 | AR14: 49 | AS14: 19 | AT14: -6 | AU14: -30 | AV14: 43 | AW14: 64 | AX14: 24 | AY14: 73 | AZ14: 31 | BA14: -6 | BB14: -12 | BC14: -26 | BD14: -14 | BE14: -29 | BF14: -43 | BG14: -19 | BH14: -34 | BI14: -30 | BJ14: 4 | BK14: -19 | BL14: 109 | BM14: 128 | BN14: 46 | BO14: ='Annual Change'!BO14-'Natural Change'!BO14 -> 109 | BP14: ='Annual Change'!BP14-'Natural Change'!BP14 -> 44 | BQ14: ='Annual Change'!BQ14-'Natural Change'!BQ14 -> 28
A15: Franklin | B15: Franklin County | C15: . | D15: -243 | E15: 49 | F15: -468 | G15: -87 | H15: -218 | I15: -93 | J15: 552 | K15: 147 | L15: 264 | M15: -605 | N15: -83 | O15: 518 | P15: 104 | Q15: -68 | R15: -660 | S15: 1860 | T15: 489 | U15: 1492 | V15: 1082 | W15: 338 | X15: 8 | Y15: 273 | Z15: -621 | AA15: -421 | AB15: -939 | AC15: -723 | AD15: -216 | AE15: -238 | AF15: -200 | AG15: -279 | AH15: 368 | AI15: -147 | AJ15: 302 | AK15: 486 | AL15: 507 | AM15: 440 | AN15: 743 | AO15: 571 | AP15: 680 | AQ15: 646 | AR15: 347 | AS15: 929 | AT15: 1690 | AU15: 2632 | AV15: 2900 | AW15: 2594 | AX15: 1989 | AY15: 1324 | AZ15: 1556 | BA15: 1752 | BB15: 996 | BC15: 619 | BD15: 495 | BE15: 1025 | BF15: -779 | BG15: 177 | BH15: 276 | BI15: 1418 | BJ15: 1047 | BK15: 913 | BL15: 680 | BM15: 520 | BN15: 469 | BO15: ='Annual Change'!BO15-'Natural Change'!BO15 -> 263 | BP15: ='Annual Change'!BP15-'Natural Change'!BP15 -> -5 | BQ15: ='Annual Change'!BQ15-'Natural Change'!BQ15 -> 1669
A16: Garfield | B16: Garfield County | C16: . | D16: -105 | E16: -41 | F16: -212 | G16: -29 | H16: 96 | I16: 0 | J16: 91 | K16: -25 | L16: -117 | M16: 112 | N16: 163 | O16: 106 | P16: -190 | Q16: -212 | R16: -25 | S16: 99 | T16: -18 | U16: -210 | V16: -120 | W16: -143 | X16: -17 | Y16: -50 | Z16: 2 | AA16: -13 | AB16: -25 | AC16: -21 | AD16: -60 | AE16: 0 | AF16: -63 | AG16: 8 | AH16: 17 | AI16: 14 | AJ16: 8 | AK16: 55 | AL16: 43 | AM16: 29 | AN16: 24 | AO16: 23 | AP16: 22 | AQ16: 27 | AR16: -9 | AS16: -2 | AT16: -12 | AU16: -14 | AV16: 3 | AW16: 3 | AX16: -9 | AY16: -3 | AZ16: 2 | BA16: 3 | BB16: 2 | BC16: 9 | BD16: 15 | BE16: -7 | BF16: 20 | BG16: -14 | BH16: -12 | BI16: 15 | BJ16: 17 | BK16: 10 | BL16: 26 | BM16: 8 | BN16: 1 | BO16: ='Annual Change'!BO16-'Natural Change'!BO16 -> 41 | BP16: ='Annual Change'!BP16-'Natural Change'!BP16 -> -19 | BQ16: ='Annual Change'!BQ16-'Natural Change'!BQ16 -> 20
... A44: State | B44: State Total | C44: . | D44: 4215 | E44: 12977 | F44: -12718 | G44: 3756 | H44: 28400 | I44: 35965 | J44: 79894 | K44: 82178 | L44: 33582 | M44: -13714 | N44: -7226 | O44: -28665 | P44: -3323 | Q44: 46168 | R44: 39403 | S44: 45776 | T44: 55430 | U44: 93977 | V44: 112950 | W44: 119109 | X44: 60616 | Y44: 8736 | Z44: -6345 | AA44: 11505 | AB44: 26547 | AC44: 10114 | AD44: 29846 | AE44: 54684 | AF44: 74032 | AG44: 98263 | AH44: 91074 | AI44: 47452 | AJ44: 56723 | AK44: 64854 | AL44: 67496 | AM44: 50678 | AN44: 60634 | AO44: 69055 | AP44: 70142 | AQ44: 65819 | AR44: 39500 | AS44: 54855 | AT44: 32881 | AU44: 46683 | AV44: 54029 | AW44: 83534 | AX44: 63311 | AY44: 41492 | AZ44: 22307 | BA44: 11541 | BB44: 15766 | BC44: 15854 | BD44: 38225 | BE44: 62868 | BF44: 65780 | BG44: 95441 | BH44: 73265 | BI44: 88432 | BJ44: 89836 | BK44: 98169 | BL44: 42543 | BM44: 83675 | BN44: 72054 | BO44: ='Annual Change'!BO44-'Natural Change'!BO44 -> 68950 | BP44: ='Annual Change'!BP44-'Natural Change'!BP44 -> 62324 | BQ44: ='Annual Change'!BQ44-'Natural Change'!BQ44 -> 43870
